ProductID,ProductName,Category,MaterialComposition,UnitOfMeasure,UnitPrice,ProductionCost,RegionAvailable,Status
P004,IKO Enerfoil Insulation,Coatings,Polymer+Bitumen,sheet,46.3,29.0,Manitoba,Discontinued
P009,IKO ArmourShake Shingles,Insulation,Asphalt+Limestone,liter,21.0,19.0,Alberta,Active
P003,IKO GlassMat,Insulation,Fiberglass,bundle,17.7,28.8,Manitoba,Active
P010,IKO FlexRoof Primer,Coatings,Asphalt+Limestone,bundle,35.1,12.7,Manitoba,Active
P008,IKO InsulFoam Boards,Reinforcement,Polymer+Asphalt,bundle,18.3,7.9,Alberta,Discontinued
P004,IKO AquaBarrier Tapes,Shingles,Foam+Polymer,liter,13.7,11.8,Manitoba,Active
P010,IKO FlexRoof Primer,Insulation,Bitumen+Additives,sheet,12.6,28.9,Quebec,Active
P008,IKO AquaBarrier Tapes,Insulation,Asphalt+Slate,sheet,42.0,30.9,Manitoba,Discontinued
P006,IKO AquaBarrier Tapes,Coatings,Polyiso+Foil,liter,36.3,13.2,Ontario,Active
P002,IKO RoofWrap Membrane,Reinforcement,Foam+Polymer,roll,35.2,7.8,Quebec,Active
P010,IKO FlexRoof Primer,Reinforcement,Bitumen+Additives,roll,55.0,11.0,Alberta,Active
P002,IKO InsulFoam Boards,Shingles,Bitumen+Additives,liter,52.7,21.0,Manitoba,Discontinued
P004,IKO AquaBarrier Tapes,Membrane,Asphalt+Fiberglass,bundle,53.3,18.2,Ontario,Active
P005,IKO ArmourShake Shingles,Shingles,Polymer+Asphalt,liter,42.0,37.3,Quebec,Discontinued
P003,IKO RoofWrap Membrane,Insulation,Asphalt+Fiberglass,sheet,43.7,20.8,Ontario,Discontinued
P004,IKO FlexRoof Primer,Membrane,Polymer+Asphalt,bundle,37.8,11.3,Ontario,Active
P001,IKO Nordic Shingles,Membrane,Polyiso+Foil,sheet,49.9,32.3,Quebec,Discontinued
P005,IKO Enerfoil Insulation,Coatings,Polymer+Asphalt,sheet,34.6,28.8,Alberta,Discontinued
P003,IKO ArmourShake Shingles,Reinforcement,Solvent+Additive,bundle,52.7,24.3,Quebec,Discontinued
P005,IKO RoofWrap Membrane,Insulation,Asphalt+Fiberglass,bundle,14.3,22.8,Manitoba,Active
P009,IKO AquaBarrier Tapes,Shingles,Asphalt+Slate,sheet,31.3,25.7,Manitoba,Active
P004,IKO InsulFoam Boards,Reinforcement,Polyiso+Foil,roll,42.1,32.6,Quebec,Discontinued
P003,IKO GlassMat,Shingles,Polymer+Asphalt,liter,28.2,23.8,Alberta,Discontinued
P003,IKO GlassMat,Coatings,Asphalt+Fiberglass,roll,31.8,18.6,Quebec,Active
P007,IKO Cambridge Shingles,Insulation,Asphalt+Limestone,bundle,34.5,31.5,Alberta,Discontinued
P002,IKO ArmourShake Shingles,Insulation,Polymer+Bitumen,liter,33.4,16.0,Quebec,Active
P004,IKO AquaBarrier Tapes,Insulation,Polyiso+Foil,liter,37.4,30.9,Alberta,Discontinued
P004,IKO ArmourShake Shingles,Shingles,Asphalt+Slate,roll,28.7,14.3,Ontario,Discontinued
P006,IKO RoofWrap Membrane,Membrane,Asphalt+Fiberglass,roll,48.0,14.8,Alberta,Discontinued
P004,IKO InsulFoam Boards,Insulation,Asphalt+Slate,liter,35.5,14.7,Alberta,Discontinued
P003,IKO RoofWrap Membrane,Membrane,Fiberglass,liter,38.4,27.3,Manitoba,Active
P007,IKO Cambridge Shingles,Reinforcement,Solvent+Additive,roll,12.8,35.2,Alberta,Active
P007,IKO GlassMat,Coatings,Fiberglass,roll,50.1,17.7,Quebec,Discontinued
P005,IKO Cambridge Shingles,Shingles,Polymer+Bitumen,sheet,50.5,22.5,Alberta,Active
P003,IKO RoofWrap Membrane,Membrane,Asphalt+Slate,roll,19.5,23.9,Alberta,Discontinued
P004,IKO GlassMat,Coatings,Foam+Polymer,roll,36.6,15.6,Quebec,Active
P002,IKO ArmourShake Shingles,Insulation,Asphalt+Limestone,bundle,41.1,18.2,Alberta,Active
P007,IKO RoofSeal,Shingles,Solvent+Additive,roll,47.1,29.7,Quebec,Discontinued
P002,IKO Enerfoil Insulation,Coatings,Polyiso+Foil,liter,41.6,22.5,Ontario,Discontinued
P005,IKO Enerfoil Insulation,Shingles,Bitumen+Additives,roll,36.2,32.5,Quebec,Active
P009,IKO RoofSeal,Reinforcement,Polymer+Bitumen,liter,12.4,36.9,Quebec,Discontinued
P009,IKO RoofWrap Membrane,Insulation,Solvent+Additive,bundle,47.1,23.7,Quebec,Active
P002,IKO Enerfoil Insulation,Insulation,Foam+Polymer,bundle,40.0,20.0,Manitoba,Discontinued
P004,IKO AquaBarrier Tapes,Insulation,Fiberglass,roll,50.8,19.9,Ontario,Discontinued
P009,IKO RoofSeal,Shingles,Fiberglass,liter,35.5,27.7,Alberta,Active
P005,IKO ArmourShake Shingles,Insulation,Solvent+Additive,sheet,28.6,20.7,Manitoba,Active
P007,IKO AquaBarrier Tapes,Membrane,Polymer+Bitumen,roll,38.1,28.4,Manitoba,Discontinued
P002,IKO Nordic Shingles,Insulation,Polymer+Asphalt,bundle,42.2,18.4,Quebec,Discontinued
P010,IKO ArmourShake Shingles,Coatings,Asphalt+Slate,roll,43.3,19.9,Quebec,Discontinued
P010,IKO ArmourShake Shingles,Reinforcement,Fiberglass,liter,16.9,11.1,Alberta,Discontinued
P005,IKO RoofSeal,Insulation,Asphalt+Fiberglass,sheet,16.4,37.0,Quebec,Active
P009,IKO Enerfoil Insulation,Membrane,Fiberglass,bundle,11.1,14.1,Ontario,Active
P001,IKO InsulFoam Boards,Membrane,Asphalt+Limestone,bundle,32.9,31.2,Alberta,Discontinued
P005,IKO AquaBarrier Tapes,Reinforcement,Bitumen+Additives,roll,15.8,8.0,Manitoba,Active
P004,IKO Nordic Shingles,Reinforcement,Polyiso+Foil,bundle,36.7,33.2,Ontario,Discontinued
P003,IKO AquaBarrier Tapes,Reinforcement,Bitumen+Additives,bundle,27.6,36.9,Manitoba,Active
P006,IKO InsulFoam Boards,Shingles,Fiberglass,sheet,23.5,28.1,Manitoba,Discontinued
P004,IKO InsulFoam Boards,Reinforcement,Foam+Polymer,sheet,45.2,10.2,Alberta,Discontinued
P009,IKO RoofSeal,Membrane,Asphalt+Slate,liter,25.3,26.4,Alberta,Active
P004,IKO AquaBarrier Tapes,Reinforcement,Fiberglass,sheet,38.7,26.3,Manitoba,Active
P008,IKO Nordic Shingles,Reinforcement,Asphalt+Slate,liter,23.8,7.6,Manitoba,Discontinued
P007,IKO InsulFoam Boards,Insulation,Polymer+Asphalt,liter,39.1,19.1,Ontario,Discontinued
P006,IKO AquaBarrier Tapes,Membrane,Asphalt+Fiberglass,sheet,39.4,27.4,Ontario,Active
P001,IKO Enerfoil Insulation,Coatings,Asphalt+Slate,roll,37.2,31.4,Manitoba,Discontinued
P005,IKO FlexRoof Primer,Reinforcement,Fiberglass,sheet,51.3,15.5,Manitoba,Active
P005,IKO RoofWrap Membrane,Membrane,Bitumen+Additives,roll,23.5,29.2,Quebec,Discontinued
P009,IKO RoofWrap Membrane,Membrane,Polyiso+Foil,bundle,28.4,31.3,Manitoba,Discontinued
P005,IKO Cambridge Shingles,Shingles,Polyiso+Foil,bundle,29.6,16.9,Ontario,Active
P008,IKO AquaBarrier Tapes,Shingles,Asphalt+Limestone,bundle,33.0,25.7,Alberta,Active
P008,IKO FlexRoof Primer,Shingles,Asphalt+Limestone,roll,10.7,29.7,Manitoba,Discontinued
P008,IKO Nordic Shingles,Coatings,Asphalt+Slate,roll,50.2,32.1,Alberta,Discontinued
P003,IKO ArmourShake Shingles,Coatings,Polyiso+Foil,liter,28.4,24.6,Quebec,Discontinued
P003,IKO InsulFoam Boards,Insulation,Asphalt+Fiberglass,bundle,16.2,13.2,Alberta,Active
P008,IKO InsulFoam Boards,Membrane,Asphalt+Fiberglass,bundle,30.9,36.2,Manitoba,Active
P002,IKO Cambridge Shingles,Coatings,Polyiso+Foil,liter,18.6,26.3,Alberta,Discontinued
P005,IKO RoofWrap Membrane,Insulation,Asphalt+Slate,sheet,10.4,9.3,Quebec,Discontinued
P004,IKO Cambridge Shingles,Coatings,Foam+Polymer,bundle,19.0,33.0,Ontario,Active
P010,IKO Enerfoil Insulation,Insulation,Polymer+Bitumen,bundle,54.3,35.5,Alberta,Active
P001,IKO FlexRoof Primer,Coatings,Foam+Polymer,liter,28.7,17.1,Alberta,Active
P002,IKO Nordic Shingles,Shingles,Bitumen+Additives,liter,40.3,26.2,Alberta,Active
P002,IKO RoofSeal,Insulation,Polyiso+Foil,bundle,22.0,16.1,Quebec,Active
P002,IKO GlassMat,Coatings,Asphalt+Fiberglass,liter,40.6,14.4,Alberta,Discontinued
P004,IKO Nordic Shingles,Coatings,Bitumen+Additives,bundle,18.2,29.6,Alberta,Active
P002,IKO InsulFoam Boards,Coatings,Bitumen+Additives,roll,38.0,37.5,Quebec,Active
P008,IKO FlexRoof Primer,Reinforcement,Solvent+Additive,bundle,12.7,34.1,Manitoba,Discontinued
P007,IKO GlassMat,Insulation,Solvent+Additive,bundle,35.8,16.2,Ontario,Discontinued
P002,IKO InsulFoam Boards,Membrane,Polymer+Bitumen,liter,15.5,27.0,Alberta,Active
P006,IKO Nordic Shingles,Coatings,Asphalt+Fiberglass,liter,37.1,18.3,Ontario,Active
P010,IKO Nordic Shingles,Reinforcement,Polyiso+Foil,liter,42.6,25.3,Alberta,Active
P010,IKO Cambridge Shingles,Shingles,Polymer+Bitumen,roll,47.2,19.0,Quebec,Active
P005,IKO RoofWrap Membrane,Membrane,Polymer+Asphalt,liter,34.0,23.4,Quebec,Discontinued
P002,IKO FlexRoof Primer,Reinforcement,Foam+Polymer,bundle,39.6,10.0,Alberta,Active
P002,IKO InsulFoam Boards,Insulation,Asphalt+Fiberglass,sheet,10.5,36.7,Ontario,Active
P008,IKO ArmourShake Shingles,Membrane,Bitumen+Additives,liter,15.4,27.0,Alberta,Active
P003,IKO Nordic Shingles,Membrane,Bitumen+Additives,sheet,23.3,35.9,Ontario,Discontinued
P006,IKO Enerfoil Insulation,Coatings,Polyiso+Foil,liter,12.3,17.4,Quebec,Active
P009,IKO AquaBarrier Tapes,Insulation,Asphalt+Slate,sheet,27.5,11.5,Quebec,Discontinued
P005,IKO InsulFoam Boards,Insulation,Foam+Polymer,liter,19.8,37.8,Quebec,Discontinued
P005,IKO Cambridge Shingles,Insulation,Asphalt+Slate,sheet,16.6,18.4,Quebec,Active
P005,IKO RoofWrap Membrane,Membrane,Asphalt+Limestone,sheet,39.1,33.9,Ontario,Discontinued
P002,IKO RoofWrap Membrane,Reinforcement,Polyiso+Foil,roll,41.2,35.5,Manitoba,Active
P001,IKO Nordic Shingles,Coatings,Foam+Polymer,roll,48.3,11.8,Alberta,Discontinued
P009,IKO Nordic Shingles,Coatings,Foam+Polymer,sheet,13.8,25.1,Manitoba,Discontinued
P009,IKO RoofWrap Membrane,Shingles,Polymer+Bitumen,roll,17.0,8.4,Alberta,Active
P009,IKO InsulFoam Boards,Coatings,Polymer+Asphalt,roll,54.6,25.7,Quebec,Active
P009,IKO InsulFoam Boards,Shingles,Asphalt+Fiberglass,liter,23.2,37.3,Quebec,Active
P002,IKO RoofSeal,Reinforcement,Asphalt+Slate,roll,39.5,16.9,Ontario,Active
P002,IKO FlexRoof Primer,Insulation,Asphalt+Limestone,sheet,22.5,27.6,Ontario,Discontinued
P008,IKO RoofSeal,Shingles,Polymer+Bitumen,liter,27.8,35.1,Ontario,Discontinued
P002,IKO Nordic Shingles,Shingles,Polymer+Asphalt,bundle,25.4,15.9,Ontario,Active
P009,IKO InsulFoam Boards,Shingles,Asphalt+Limestone,bundle,47.7,34.7,Ontario,Discontinued
P008,IKO RoofSeal,Reinforcement,Asphalt+Fiberglass,sheet,48.0,17.8,Manitoba,Discontinued
P007,IKO GlassMat,Insulation,Polymer+Bitumen,liter,17.7,9.2,Quebec,Active
P002,IKO AquaBarrier Tapes,Coatings,Solvent+Additive,liter,36.9,13.1,Quebec,Discontinued
P001,IKO RoofSeal,Reinforcement,Solvent+Additive,roll,29.0,31.9,Quebec,Active
P006,IKO FlexRoof Primer,Insulation,Asphalt+Limestone,liter,18.2,23.0,Manitoba,Active
P006,IKO AquaBarrier Tapes,Membrane,Fiberglass,sheet,23.9,34.0,Alberta,Discontinued
P009,IKO ArmourShake Shingles,Insulation,Polymer+Asphalt,liter,35.2,30.3,Alberta,Active
P005,IKO Enerfoil Insulation,Shingles,Asphalt+Limestone,sheet,29.7,17.8,Manitoba,Active
P002,IKO Cambridge Shingles,Membrane,Polymer+Bitumen,sheet,42.8,14.5,Quebec,Active
P003,IKO GlassMat,Reinforcement,Fiberglass,roll,44.5,37.2,Manitoba,Active
P009,IKO RoofSeal,Reinforcement,Bitumen+Additives,roll,34.6,26.3,Quebec,Discontinued
P009,IKO Nordic Shingles,Reinforcement,Bitumen+Additives,bundle,20.4,20.0,Alberta,Discontinued
P007,IKO AquaBarrier Tapes,Shingles,Polymer+Bitumen,sheet,39.9,19.0,Ontario,Discontinued
P004,IKO RoofWrap Membrane,Reinforcement,Polyiso+Foil,sheet,53.4,30.0,Quebec,Active
P005,IKO GlassMat,Shingles,Asphalt+Fiberglass,liter,24.2,10.7,Manitoba,Discontinued
P002,IKO AquaBarrier Tapes,Insulation,Solvent+Additive,sheet,21.1,22.9,Ontario,Active
P010,IKO Cambridge Shingles,Shingles,Fiberglass,liter,40.4,16.1,Ontario,Active
P007,IKO Enerfoil Insulation,Coatings,Fiberglass,sheet,48.9,15.4,Quebec,Discontinued
P008,IKO GlassMat,Insulation,Foam+Polymer,roll,21.0,8.6,Manitoba,Active
P006,IKO InsulFoam Boards,Reinforcement,Asphalt+Slate,roll,17.3,10.2,Alberta,Active
P002,IKO ArmourShake Shingles,Coatings,Bitumen+Additives,liter,41.1,23.9,Manitoba,Active
P007,IKO RoofSeal,Reinforcement,Asphalt+Slate,sheet,31.9,33.5,Quebec,Discontinued
P002,IKO AquaBarrier Tapes,Insulation,Bitumen+Additives,liter,47.8,28.0,Alberta,Discontinued
P001,IKO FlexRoof Primer,Shingles,Solvent+Additive,roll,18.9,13.2,Alberta,Active
P010,IKO RoofSeal,Reinforcement,Asphalt+Limestone,liter,24.5,15.4,Ontario,Discontinued
P002,IKO FlexRoof Primer,Shingles,Polyiso+Foil,bundle,29.7,35.0,Manitoba,Active
P001,IKO InsulFoam Boards,Shingles,Solvent+Additive,sheet,26.8,34.0,Alberta,Active
P010,IKO FlexRoof Primer,Reinforcement,Asphalt+Fiberglass,sheet,49.3,15.4,Alberta,Active
P007,IKO InsulFoam Boards,Insulation,Asphalt+Slate,liter,12.0,9.2,Manitoba,Discontinued
P001,IKO ArmourShake Shingles,Reinforcement,Asphalt+Fiberglass,bundle,14.4,26.3,Alberta,Active
P006,IKO Nordic Shingles,Reinforcement,Asphalt+Slate,sheet,19.0,26.2,Alberta,Discontinued
P006,IKO RoofSeal,Membrane,Asphalt+Slate,bundle,52.8,21.6,Alberta,Discontinued
P001,IKO RoofWrap Membrane,Insulation,Solvent+Additive,sheet,54.8,15.4,Manitoba,Active
P001,IKO AquaBarrier Tapes,Insulation,Polymer+Asphalt,sheet,23.7,24.8,Manitoba,Discontinued
P009,IKO RoofSeal,Shingles,Polymer+Asphalt,roll,23.7,24.0,Manitoba,Active
P005,IKO InsulFoam Boards,Insulation,Polyiso+Foil,bundle,51.9,10.6,Ontario,Active
P008,IKO RoofSeal,Shingles,Polymer+Bitumen,sheet,51.2,22.6,Ontario,Discontinued
P002,IKO GlassMat,Membrane,Asphalt+Limestone,bundle,46.2,20.6,Ontario,Active
P003,IKO RoofWrap Membrane,Shingles,Asphalt+Slate,liter,31.0,24.3,Ontario,Discontinued
P004,IKO FlexRoof Primer,Shingles,Foam+Polymer,roll,45.4,35.1,Alberta,Discontinued
P009,IKO InsulFoam Boards,Membrane,Asphalt+Limestone,bundle,53.5,24.6,Alberta,Discontinued
P003,IKO Nordic Shingles,Reinforcement,Bitumen+Additives,bundle,30.7,13.6,Manitoba,Active
P002,IKO Enerfoil Insulation,Coatings,Asphalt+Limestone,sheet,38.5,36.8,Quebec,Active
P010,IKO GlassMat,Insulation,Asphalt+Fiberglass,sheet,22.2,29.2,Alberta,Active
P002,IKO Enerfoil Insulation,Shingles,Asphalt+Limestone,liter,43.5,7.8,Alberta,Active
P008,IKO ArmourShake Shingles,Reinforcement,Asphalt+Slate,liter,28.2,17.1,Quebec,Active
P002,IKO RoofWrap Membrane,Insulation,Polyiso+Foil,bundle,33.3,10.2,Manitoba,Active
P009,IKO RoofSeal,Shingles,Polyiso+Foil,roll,50.8,31.6,Quebec,Active
P006,IKO Nordic Shingles,Membrane,Polymer+Bitumen,bundle,36.6,38.0,Manitoba,Discontinued
P007,IKO RoofSeal,Shingles,Asphalt+Fiberglass,sheet,22.8,14.4,Manitoba,Discontinued
P008,IKO RoofWrap Membrane,Membrane,Foam+Polymer,liter,44.6,15.3,Alberta,Active
P009,IKO RoofWrap Membrane,Reinforcement,Asphalt+Limestone,sheet,47.7,33.4,Alberta,Active
P007,IKO FlexRoof Primer,Reinforcement,Solvent+Additive,liter,38.7,34.4,Manitoba,Active
P001,IKO Cambridge Shingles,Shingles,Solvent+Additive,bundle,31.1,8.8,Manitoba,Active
P009,IKO RoofSeal,Insulation,Bitumen+Additives,liter,27.8,29.6,Manitoba,Active
P007,IKO Nordic Shingles,Insulation,Bitumen+Additives,bundle,42.4,14.5,Alberta,Active
P005,IKO Nordic Shingles,Coatings,Bitumen+Additives,bundle,23.8,25.9,Alberta,Discontinued
P004,IKO AquaBarrier Tapes,Coatings,Polymer+Bitumen,bundle,36.2,11.8,Quebec,Discontinued
P010,IKO AquaBarrier Tapes,Membrane,Fiberglass,sheet,10.2,22.2,Quebec,Discontinued
P008,IKO RoofWrap Membrane,Coatings,Asphalt+Slate,roll,35.3,28.6,Manitoba,Discontinued
P007,IKO RoofSeal,Insulation,Foam+Polymer,bundle,39.5,12.9,Ontario,Active
P005,IKO GlassMat,Insulation,Solvent+Additive,liter,43.8,16.9,Quebec,Discontinued
P007,IKO ArmourShake Shingles,Reinforcement,Solvent+Additive,liter,27.9,35.7,Ontario,Discontinued
P001,IKO RoofWrap Membrane,Coatings,Asphalt+Fiberglass,liter,22.6,30.9,Ontario,Discontinued
P001,IKO GlassMat,Shingles,Polyiso+Foil,sheet,52.7,13.4,Manitoba,Discontinued
P009,IKO InsulFoam Boards,Insulation,Asphalt+Slate,sheet,38.9,11.9,Ontario,Active
P007,IKO InsulFoam Boards,Insulation,Bitumen+Additives,sheet,16.1,22.8,Alberta,Active
P007,IKO ArmourShake Shingles,Membrane,Asphalt+Slate,roll,54.9,14.4,Alberta,Discontinued
P008,IKO ArmourShake Shingles,Membrane,Bitumen+Additives,roll,14.3,24.6,Quebec,Active
P009,IKO FlexRoof Primer,Membrane,Polyiso+Foil,liter,26.1,16.2,Alberta,Active
P009,IKO Cambridge Shingles,Insulation,Bitumen+Additives,liter,10.1,33.5,Quebec,Active
P002,IKO RoofWrap Membrane,Insulation,Fiberglass,liter,18.7,26.1,Manitoba,Discontinued
P002,IKO InsulFoam Boards,Coatings,Asphalt+Limestone,liter,34.7,15.9,Alberta,Active
P009,IKO GlassMat,Shingles,Asphalt+Slate,bundle,43.0,9.4,Quebec,Discontinued
P002,IKO Enerfoil Insulation,Insulation,Asphalt+Slate,roll,47.1,8.8,Alberta,Discontinued
P009,IKO Cambridge Shingles,Insulation,Fiberglass,bundle,37.5,25.6,Alberta,Discontinued
P008,IKO GlassMat,Membrane,Asphalt+Limestone,roll,19.0,28.1,Alberta,Discontinued
P002,IKO ArmourShake Shingles,Reinforcement,Polyiso+Foil,liter,20.6,13.4,Ontario,Discontinued
P007,IKO InsulFoam Boards,Coatings,Polymer+Asphalt,bundle,55.0,33.0,Ontario,Discontinued
P001,IKO Nordic Shingles,Membrane,Bitumen+Additives,bundle,51.3,29.1,Alberta,Active
P008,IKO RoofSeal,Reinforcement,Asphalt+Limestone,bundle,35.1,13.8,Quebec,Active
P001,IKO Enerfoil Insulation,Membrane,Fiberglass,liter,37.2,16.2,Ontario,Active
P006,IKO RoofSeal,Insulation,Bitumen+Additives,roll,35.1,15.2,Quebec,Active
P002,IKO AquaBarrier Tapes,Coatings,Asphalt+Limestone,bundle,53.2,12.4,Quebec,Discontinued
P009,IKO RoofWrap Membrane,Insulation,Asphalt+Fiberglass,roll,23.4,32.9,Quebec,Discontinued
P009,IKO Enerfoil Insulation,Shingles,Bitumen+Additives,liter,29.0,15.0,Ontario,Active
P008,IKO ArmourShake Shingles,Coatings,Asphalt+Slate,bundle,38.7,29.3,Manitoba,Discontinued
P002,IKO RoofWrap Membrane,Coatings,Asphalt+Limestone,liter,28.6,30.5,Quebec,Discontinued
P002,IKO ArmourShake Shingles,Shingles,Foam+Polymer,sheet,19.5,34.2,Quebec,Active
P003,IKO InsulFoam Boards,Coatings,Polymer+Bitumen,bundle,30.7,28.8,Ontario,Active
P010,IKO RoofSeal,Shingles,Bitumen+Additives,bundle,13.2,20.1,Alberta,Discontinued
P006,IKO ArmourShake Shingles,Membrane,Asphalt+Slate,roll,40.6,7.9,Quebec,Active
P009,IKO Nordic Shingles,Reinforcement,Solvent+Additive,bundle,51.1,11.3,Manitoba,Discontinued
P003,IKO Nordic Shingles,Coatings,Foam+Polymer,bundle,29.4,15.6,Quebec,Discontinued
P009,IKO GlassMat,Membrane,Polymer+Bitumen,bundle,33.4,16.4,Alberta,Discontinued
P004,IKO FlexRoof Primer,Membrane,Bitumen+Additives,liter,37.7,11.4,Ontario,Discontinued
P009,IKO Enerfoil Insulation,Reinforcement,Foam+Polymer,bundle,21.8,14.8,Manitoba,Discontinued
P008,IKO FlexRoof Primer,Coatings,Asphalt+Slate,liter,50.8,32.2,Ontario,Discontinued
P005,IKO InsulFoam Boards,Reinforcement,Polymer+Bitumen,bundle,21.0,19.8,Alberta,Discontinued
P010,IKO AquaBarrier Tapes,Membrane,Asphalt+Fiberglass,roll,16.4,31.3,Alberta,Discontinued
P010,IKO AquaBarrier Tapes,Membrane,Solvent+Additive,liter,53.7,32.8,Manitoba,Active
P007,IKO Nordic Shingles,Insulation,Polymer+Asphalt,roll,35.7,33.9,Manitoba,Active
P004,IKO RoofSeal,Coatings,Bitumen+Additives,liter,14.6,12.2,Alberta,Discontinued
P003,IKO Cambridge Shingles,Shingles,Polyiso+Foil,bundle,19.7,23.0,Manitoba,Active
P003,IKO AquaBarrier Tapes,Reinforcement,Polymer+Bitumen,sheet,21.3,35.0,Ontario,Active
P007,IKO Enerfoil Insulation,Coatings,Polymer+Bitumen,sheet,10.6,36.0,Ontario,Discontinued
P002,IKO AquaBarrier Tapes,Shingles,Solvent+Additive,roll,31.5,10.6,Ontario,Active
P007,IKO Nordic Shingles,Coatings,Fiberglass,roll,31.5,25.2,Alberta,Active
P007,IKO GlassMat,Membrane,Asphalt+Slate,roll,14.4,26.4,Alberta,Active
P006,IKO InsulFoam Boards,Shingles,Asphalt+Slate,liter,25.6,12.2,Quebec,Active
P001,IKO Cambridge Shingles,Shingles,Polymer+Asphalt,liter,13.8,12.5,Manitoba,Active
P003,IKO Cambridge Shingles,Reinforcement,Polymer+Asphalt,liter,14.7,29.8,Alberta,Active
P004,IKO Nordic Shingles,Insulation,Polymer+Asphalt,roll,33.0,32.0,Manitoba,Discontinued
P010,IKO ArmourShake Shingles,Shingles,Fiberglass,sheet,40.1,30.1,Quebec,Discontinued
P007,IKO Nordic Shingles,Coatings,Polyiso+Foil,sheet,35.0,21.2,Manitoba,Active
P007,IKO Enerfoil Insulation,Shingles,Asphalt+Slate,roll,47.4,14.3,Ontario,Active
P009,IKO Cambridge Shingles,Coatings,Foam+Polymer,roll,34.4,31.2,Quebec,Discontinued
P008,IKO AquaBarrier Tapes,Reinforcement,Foam+Polymer,liter,18.8,32.1,Quebec,Discontinued
P005,IKO FlexRoof Primer,Shingles,Polyiso+Foil,roll,33.8,21.4,Ontario,Discontinued
P010,IKO FlexRoof Primer,Shingles,Asphalt+Fiberglass,roll,15.3,32.8,Alberta,Discontinued
P001,IKO ArmourShake Shingles,Insulation,Fiberglass,bundle,50.4,31.2,Manitoba,Discontinued
P007,IKO AquaBarrier Tapes,Insulation,Polyiso+Foil,sheet,29.5,29.5,Quebec,Discontinued
P010,IKO RoofWrap Membrane,Coatings,Polymer+Asphalt,bundle,46.3,30.2,Ontario,Discontinued
P008,IKO Nordic Shingles,Insulation,Polyiso+Foil,bundle,18.1,28.3,Ontario,Active
P007,IKO Cambridge Shingles,Shingles,Foam+Polymer,roll,45.0,22.9,Quebec,Active
P001,IKO InsulFoam Boards,Coatings,Foam+Polymer,bundle,15.4,17.6,Quebec,Active
P002,IKO AquaBarrier Tapes,Membrane,Polymer+Asphalt,roll,17.7,31.4,Ontario,Discontinued
P007,IKO AquaBarrier Tapes,Coatings,Asphalt+Fiberglass,sheet,46.4,13.3,Manitoba,Active
P008,IKO ArmourShake Shingles,Membrane,Fiberglass,roll,52.0,20.2,Ontario,Active
P004,IKO GlassMat,Coatings,Asphalt+Fiberglass,bundle,44.1,17.8,Quebec,Active
P002,IKO RoofWrap Membrane,Membrane,Fiberglass,sheet,33.5,32.0,Alberta,Active
P010,IKO AquaBarrier Tapes,Membrane,Polymer+Asphalt,sheet,48.2,7.6,Alberta,Discontinued
P009,IKO InsulFoam Boards,Insulation,Polymer+Bitumen,liter,52.7,36.8,Ontario,Active
P008,IKO Cambridge Shingles,Coatings,Asphalt+Slate,sheet,16.3,21.9,Alberta,Active
P001,IKO GlassMat,Insulation,Fiberglass,liter,31.4,22.8,Alberta,Discontinued
P003,IKO AquaBarrier Tapes,Reinforcement,Asphalt+Fiberglass,sheet,42.8,19.5,Quebec,Active
P006,IKO Cambridge Shingles,Membrane,Foam+Polymer,liter,21.4,29.5,Ontario,Active
P005,IKO RoofWrap Membrane,Insulation,Foam+Polymer,bundle,43.0,22.9,Ontario,Discontinued
P009,IKO ArmourShake Shingles,Coatings,Polymer+Bitumen,liter,50.9,22.8,Alberta,Discontinued
P009,IKO Nordic Shingles,Membrane,Bitumen+Additives,sheet,42.8,26.8,Ontario,Active
P002,IKO Nordic Shingles,Membrane,Foam+Polymer,sheet,19.7,36.6,Manitoba,Discontinued
P005,IKO Cambridge Shingles,Shingles,Solvent+Additive,liter,45.4,18.5,Ontario,Active
P008,IKO AquaBarrier Tapes,Coatings,Polymer+Bitumen,liter,32.5,9.2,Ontario,Discontinued
P006,IKO Enerfoil Insulation,Membrane,Polymer+Bitumen,sheet,48.7,22.5,Quebec,Discontinued
P009,IKO GlassMat,Reinforcement,Polyiso+Foil,sheet,36.2,24.6,Alberta,Active
P010,IKO AquaBarrier Tapes,Insulation,Polyiso+Foil,bundle,16.1,28.7,Quebec,Discontinued
P004,IKO Cambridge Shingles,Insulation,Solvent+Additive,sheet,37.6,10.7,Quebec,Active
P009,IKO Enerfoil Insulation,Coatings,Solvent+Additive,sheet,53.9,20.5,Alberta,Discontinued
P008,IKO AquaBarrier Tapes,Reinforcement,Foam+Polymer,roll,25.1,35.3,Alberta,Active
P008,IKO RoofWrap Membrane,Reinforcement,Foam+Polymer,roll,35.7,36.7,Manitoba,Discontinued
P004,IKO FlexRoof Primer,Membrane,Foam+Polymer,bundle,38.5,36.6,Alberta,Discontinued
P003,IKO GlassMat,Membrane,Asphalt+Fiberglass,liter,17.4,28.9,Manitoba,Discontinued
P009,IKO FlexRoof Primer,Coatings,Asphalt+Limestone,sheet,27.0,22.6,Alberta,Active
P001,IKO Nordic Shingles,Insulation,Asphalt+Limestone,sheet,13.9,37.4,Ontario,Active
P001,IKO Nordic Shingles,Reinforcement,Foam+Polymer,roll,52.3,29.2,Alberta,Discontinued
P009,IKO ArmourShake Shingles,Insulation,Asphalt+Limestone,sheet,23.7,19.5,Quebec,Active
P006,IKO Cambridge Shingles,Membrane,Polymer+Bitumen,sheet,18.1,19.5,Ontario,Discontinued
P008,IKO Cambridge Shingles,Reinforcement,Bitumen+Additives,liter,22.0,21.6,Manitoba,Discontinued
P008,IKO RoofWrap Membrane,Membrane,Polymer+Bitumen,bundle,28.1,25.1,Manitoba,Active
P007,IKO GlassMat,Insulation,Asphalt+Fiberglass,sheet,40.3,12.6,Alberta,Active
P008,IKO Nordic Shingles,Reinforcement,Fiberglass,bundle,25.8,19.4,Alberta,Discontinued
P001,IKO ArmourShake Shingles,Reinforcement,Asphalt+Fiberglass,roll,30.0,23.7,Alberta,Active
P004,IKO Nordic Shingles,Coatings,Foam+Polymer,liter,34.8,32.1,Manitoba,Discontinued
P001,IKO Enerfoil Insulation,Coatings,Polyiso+Foil,roll,49.4,33.6,Quebec,Discontinued
P003,IKO RoofWrap Membrane,Membrane,Polymer+Asphalt,roll,30.1,20.2,Quebec,Active
P009,IKO RoofSeal,Shingles,Solvent+Additive,sheet,13.8,30.4,Manitoba,Discontinued
P006,IKO GlassMat,Shingles,Polyiso+Foil,bundle,51.5,23.9,Quebec,Discontinued
P010,IKO FlexRoof Primer,Membrane,Fiberglass,sheet,38.2,34.3,Quebec,Discontinued
P004,IKO GlassMat,Reinforcement,Polymer+Asphalt,bundle,23.0,14.4,Manitoba,Discontinued
P009,IKO GlassMat,Insulation,Polymer+Bitumen,roll,17.7,33.0,Manitoba,Active
P004,IKO Cambridge Shingles,Coatings,Asphalt+Limestone,liter,37.0,11.0,Manitoba,Discontinued
P003,IKO Cambridge Shingles,Insulation,Bitumen+Additives,liter,42.3,22.7,Quebec,Active
P006,IKO FlexRoof Primer,Insulation,Polyiso+Foil,sheet,30.9,9.4,Ontario,Discontinued
P006,IKO Cambridge Shingles,Membrane,Foam+Polymer,sheet,52.5,15.4,Alberta,Discontinued
P008,IKO ArmourShake Shingles,Membrane,Asphalt+Slate,sheet,42.1,17.6,Alberta,Active
P003,IKO FlexRoof Primer,Reinforcement,Foam+Polymer,liter,19.9,32.6,Quebec,Active
P003,IKO FlexRoof Primer,Membrane,Foam+Polymer,sheet,20.6,22.1,Ontario,Active
P002,IKO Cambridge Shingles,Insulation,Asphalt+Fiberglass,sheet,40.5,8.0,Alberta,Discontinued
P007,IKO Cambridge Shingles,Insulation,Asphalt+Fiberglass,bundle,18.1,28.7,Alberta,Active
P003,IKO FlexRoof Primer,Insulation,Asphalt+Fiberglass,bundle,54.9,28.1,Manitoba,Discontinued
P003,IKO InsulFoam Boards,Insulation,Asphalt+Fiberglass,bundle,16.1,36.9,Manitoba,Discontinued
P003,IKO RoofSeal,Insulation,Solvent+Additive,bundle,45.0,11.9,Quebec,Discontinued
P006,IKO GlassMat,Coatings,Asphalt+Slate,bundle,13.0,19.8,Quebec,Discontinued
P008,IKO RoofSeal,Insulation,Solvent+Additive,sheet,18.5,20.7,Manitoba,Discontinued
P001,IKO FlexRoof Primer,Membrane,Polymer+Asphalt,liter,16.2,36.1,Alberta,Active
P008,IKO InsulFoam Boards,Coatings,Bitumen+Additives,roll,40.6,29.7,Manitoba,Active
P007,IKO FlexRoof Primer,Coatings,Foam+Polymer,bundle,15.8,8.8,Quebec,Discontinued
P008,IKO RoofWrap Membrane,Coatings,Polyiso+Foil,liter,39.2,20.6,Ontario,Discontinued
P009,IKO AquaBarrier Tapes,Coatings,Polymer+Asphalt,bundle,21.3,21.0,Manitoba,Active
P005,IKO Enerfoil Insulation,Shingles,Polyiso+Foil,sheet,37.1,32.8,Manitoba,Active
P007,IKO InsulFoam Boards,Shingles,Foam+Polymer,bundle,13.0,20.6,Manitoba,Discontinued
P010,IKO Enerfoil Insulation,Coatings,Foam+Polymer,sheet,38.4,31.1,Alberta,Discontinued
P007,IKO FlexRoof Primer,Insulation,Polyiso+Foil,roll,42.8,36.4,Quebec,Discontinued
P005,IKO FlexRoof Primer,Coatings,Asphalt+Slate,roll,52.1,26.4,Ontario,Discontinued
P006,IKO Cambridge Shingles,Coatings,Asphalt+Slate,sheet,38.5,26.6,Alberta,Active
P004,IKO AquaBarrier Tapes,Reinforcement,Asphalt+Fiberglass,sheet,49.3,7.7,Quebec,Discontinued
P009,IKO ArmourShake Shingles,Shingles,Foam+Polymer,sheet,54.1,8.4,Quebec,Active
P004,IKO Enerfoil Insulation,Reinforcement,Asphalt+Slate,sheet,44.9,20.7,Manitoba,Active
P006,IKO Enerfoil Insulation,Insulation,Asphalt+Slate,roll,12.4,16.4,Alberta,Active
P005,IKO Enerfoil Insulation,Shingles,Asphalt+Slate,sheet,48.4,21.9,Alberta,Active
P010,IKO Enerfoil Insulation,Shingles,Asphalt+Slate,sheet,48.9,14.1,Alberta,Active
P007,IKO ArmourShake Shingles,Shingles,Asphalt+Slate,bundle,45.8,17.9,Quebec,Active
P004,IKO FlexRoof Primer,Membrane,Polymer+Asphalt,sheet,20.2,20.4,Alberta,Discontinued
P002,IKO RoofSeal,Coatings,Foam+Polymer,liter,42.1,18.6,Quebec,Active
P001,IKO ArmourShake Shingles,Insulation,Asphalt+Slate,sheet,45.4,28.3,Quebec,Discontinued
P003,IKO InsulFoam Boards,Insulation,Bitumen+Additives,liter,29.2,37.6,Ontario,Discontinued
P008,IKO Cambridge Shingles,Shingles,Asphalt+Limestone,liter,39.4,9.0,Quebec,Active
P004,IKO AquaBarrier Tapes,Shingles,Polyiso+Foil,sheet,11.7,24.2,Ontario,Active
P007,IKO ArmourShake Shingles,Reinforcement,Asphalt+Limestone,bundle,20.3,25.2,Ontario,Discontinued
P009,IKO AquaBarrier Tapes,Membrane,Asphalt+Fiberglass,bundle,28.5,27.1,Ontario,Discontinued
P004,IKO Nordic Shingles,Membrane,Asphalt+Fiberglass,liter,27.7,25.2,Alberta,Active
P003,IKO Cambridge Shingles,Coatings,Polymer+Asphalt,liter,11.5,16.8,Alberta,Active
P005,IKO AquaBarrier Tapes,Membrane,Polyiso+Foil,liter,25.0,12.9,Quebec,Active
P004,IKO GlassMat,Shingles,Bitumen+Additives,sheet,26.2,9.6,Manitoba,Active
P005,IKO Cambridge Shingles,Insulation,Polyiso+Foil,sheet,37.9,19.1,Quebec,Active
P005,IKO RoofSeal,Reinforcement,Polymer+Bitumen,sheet,19.6,19.2,Manitoba,Active
P003,IKO FlexRoof Primer,Insulation,Polymer+Asphalt,sheet,30.9,27.2,Manitoba,Active
P002,IKO Enerfoil Insulation,Membrane,Polymer+Asphalt,sheet,47.4,26.6,Manitoba,Active
P001,IKO RoofSeal,Reinforcement,Solvent+Additive,roll,49.5,27.3,Ontario,Discontinued
P008,IKO Enerfoil Insulation,Insulation,Foam+Polymer,bundle,16.5,23.0,Alberta,Active
P001,IKO InsulFoam Boards,Coatings,Solvent+Additive,bundle,20.6,9.1,Alberta,Discontinued
P004,IKO RoofSeal,Insulation,Asphalt+Slate,liter,17.0,26.8,Manitoba,Active
P005,IKO Enerfoil Insulation,Membrane,Foam+Polymer,bundle,15.3,15.8,Alberta,Discontinued
P002,IKO Cambridge Shingles,Shingles,Asphalt+Slate,sheet,12.0,24.3,Alberta,Active
P003,IKO RoofWrap Membrane,Shingles,Bitumen+Additives,liter,28.9,20.3,Quebec,Discontinued
P001,IKO GlassMat,Membrane,Bitumen+Additives,roll,32.2,37.0,Alberta,Active
P005,IKO Enerfoil Insulation,Coatings,Asphalt+Fiberglass,sheet,42.4,28.2,Quebec,Active
P010,IKO AquaBarrier Tapes,Reinforcement,Solvent+Additive,bundle,11.9,13.5,Quebec,Active
P010,IKO RoofWrap Membrane,Insulation,Foam+Polymer,roll,14.9,23.2,Alberta,Active
P005,IKO Cambridge Shingles,Coatings,Polymer+Bitumen,sheet,21.8,12.2,Quebec,Active
P008,IKO GlassMat,Membrane,Foam+Polymer,liter,16.6,12.4,Quebec,Active
P001,IKO Cambridge Shingles,Reinforcement,Fiberglass,bundle,22.5,27.4,Ontario,Discontinued
P002,IKO ArmourShake Shingles,Insulation,Asphalt+Limestone,bundle,19.5,24.6,Quebec,Active
P010,IKO Enerfoil Insulation,Insulation,Asphalt+Slate,liter,20.7,17.2,Manitoba,Active
P001,IKO Enerfoil Insulation,Reinforcement,Bitumen+Additives,sheet,39.9,24.2,Alberta,Discontinued
P002,IKO RoofWrap Membrane,Shingles,Asphalt+Slate,roll,14.8,19.7,Quebec,Discontinued
P006,IKO Nordic Shingles,Membrane,Solvent+Additive,sheet,27.5,18.9,Quebec,Active
P008,IKO Cambridge Shingles,Coatings,Asphalt+Limestone,liter,48.0,10.3,Manitoba,Discontinued
P009,IKO Cambridge Shingles,Shingles,Asphalt+Limestone,sheet,10.1,33.0,Manitoba,Discontinued
P003,IKO ArmourShake Shingles,Reinforcement,Asphalt+Slate,liter,50.3,14.0,Ontario,Active
P010,IKO Nordic Shingles,Shingles,Foam+Polymer,roll,18.0,17.6,Ontario,Discontinued
P007,IKO Nordic Shingles,Insulation,Foam+Polymer,bundle,53.3,22.2,Alberta,Active
P002,IKO Enerfoil Insulation,Reinforcement,Asphalt+Limestone,liter,47.2,24.9,Alberta,Discontinued
P003,IKO AquaBarrier Tapes,Shingles,Asphalt+Fiberglass,liter,30.3,24.5,Manitoba,Discontinued
P010,IKO GlassMat,Insulation,Asphalt+Fiberglass,sheet,47.1,23.5,Manitoba,Active
P010,IKO FlexRoof Primer,Shingles,Polymer+Bitumen,roll,15.5,24.2,Alberta,Discontinued
P009,IKO InsulFoam Boards,Insulation,Polymer+Bitumen,liter,11.7,13.3,Manitoba,Discontinued
P001,IKO GlassMat,Insulation,Polymer+Asphalt,roll,32.6,17.6,Manitoba,Discontinued
P006,IKO GlassMat,Membrane,Polyiso+Foil,liter,46.4,11.6,Manitoba,Discontinued
P006,IKO Enerfoil Insulation,Coatings,Bitumen+Additives,liter,32.5,34.6,Ontario,Active
P010,IKO AquaBarrier Tapes,Insulation,Asphalt+Fiberglass,bundle,25.3,18.5,Ontario,Discontinued
P003,IKO Nordic Shingles,Insulation,Fiberglass,roll,32.5,9.1,Alberta,Discontinued
P008,IKO Nordic Shingles,Shingles,Polyiso+Foil,sheet,18.0,30.7,Manitoba,Discontinued
P002,IKO ArmourShake Shingles,Reinforcement,Asphalt+Fiberglass,roll,39.4,29.5,Ontario,Active
P004,IKO Nordic Shingles,Coatings,Bitumen+Additives,liter,37.9,21.6,Ontario,Discontinued
P004,IKO RoofWrap Membrane,Coatings,Asphalt+Fiberglass,liter,54.4,27.8,Manitoba,Discontinued
P007,IKO InsulFoam Boards,Shingles,Polyiso+Foil,roll,48.4,10.9,Ontario,Active
P005,IKO Nordic Shingles,Shingles,Asphalt+Slate,sheet,14.1,14.4,Ontario,Discontinued
P006,IKO RoofSeal,Reinforcement,Polymer+Asphalt,roll,42.7,14.5,Alberta,Active
P002,IKO FlexRoof Primer,Reinforcement,Bitumen+Additives,bundle,45.5,36.3,Alberta,Discontinued
P005,IKO ArmourShake Shingles,Reinforcement,Polyiso+Foil,bundle,19.1,21.8,Ontario,Active
P004,IKO RoofSeal,Coatings,Polymer+Bitumen,sheet,43.9,21.6,Manitoba,Discontinued
P006,IKO ArmourShake Shingles,Membrane,Polymer+Bitumen,liter,40.5,14.0,Ontario,Discontinued
P004,IKO RoofWrap Membrane,Reinforcement,Asphalt+Slate,liter,11.1,28.5,Quebec,Discontinued
P007,IKO Cambridge Shingles,Reinforcement,Asphalt+Fiberglass,sheet,35.4,29.3,Ontario,Active
P004,IKO GlassMat,Reinforcement,Fiberglass,bundle,11.3,14.1,Manitoba,Active
P009,IKO InsulFoam Boards,Reinforcement,Foam+Polymer,liter,51.9,28.5,Quebec,Active
P010,IKO ArmourShake Shingles,Insulation,Polyiso+Foil,roll,21.5,17.9,Manitoba,Active
P001,IKO RoofWrap Membrane,Insulation,Asphalt+Slate,roll,31.7,24.4,Quebec,Discontinued
P006,IKO Enerfoil Insulation,Membrane,Asphalt+Fiberglass,sheet,31.1,23.5,Ontario,Discontinued
P009,IKO AquaBarrier Tapes,Coatings,Asphalt+Limestone,liter,39.8,11.5,Alberta,Active
P002,IKO Nordic Shingles,Insulation,Polyiso+Foil,liter,38.1,10.2,Alberta,Active
P003,IKO FlexRoof Primer,Coatings,Polymer+Bitumen,bundle,49.2,22.7,Quebec,Active
P008,IKO RoofSeal,Coatings,Polymer+Bitumen,bundle,51.6,34.6,Quebec,Discontinued
P002,IKO FlexRoof Primer,Coatings,Polymer+Bitumen,bundle,36.4,12.1,Alberta,Active
P002,IKO Cambridge Shingles,Shingles,Polymer+Bitumen,bundle,36.8,13.1,Quebec,Active
P005,IKO RoofSeal,Reinforcement,Asphalt+Slate,roll,47.0,8.4,Manitoba,Discontinued
P005,IKO InsulFoam Boards,Membrane,Foam+Polymer,liter,36.4,18.4,Ontario,Active
P005,IKO Cambridge Shingles,Insulation,Asphalt+Slate,roll,20.3,16.0,Ontario,Discontinued
P003,IKO RoofSeal,Reinforcement,Bitumen+Additives,liter,14.8,24.1,Quebec,Discontinued
P007,IKO AquaBarrier Tapes,Membrane,Polyiso+Foil,bundle,18.3,30.1,Manitoba,Discontinued
P004,IKO RoofWrap Membrane,Reinforcement,Asphalt+Slate,roll,14.5,31.2,Alberta,Active
P006,IKO Enerfoil Insulation,Insulation,Solvent+Additive,roll,47.4,35.4,Manitoba,Active
P003,IKO FlexRoof Primer,Shingles,Foam+Polymer,bundle,46.9,9.8,Alberta,Discontinued
P007,IKO InsulFoam Boards,Insulation,Polymer+Asphalt,sheet,44.8,11.6,Alberta,Discontinued
P007,IKO AquaBarrier Tapes,Reinforcement,Polyiso+Foil,liter,18.4,12.0,Quebec,Active
P009,IKO Nordic Shingles,Membrane,Asphalt+Fiberglass,bundle,24.5,37.1,Manitoba,Active
P002,IKO FlexRoof Primer,Membrane,Solvent+Additive,bundle,49.9,18.6,Quebec,Active
P008,IKO InsulFoam Boards,Shingles,Polyiso+Foil,sheet,10.1,10.0,Manitoba,Active
P007,IKO RoofWrap Membrane,Insulation,Polymer+Asphalt,bundle,21.4,32.2,Alberta,Discontinued
P003,IKO Enerfoil Insulation,Coatings,Polymer+Asphalt,roll,37.0,33.6,Quebec,Active
P003,IKO ArmourShake Shingles,Membrane,Asphalt+Limestone,bundle,30.5,18.7,Alberta,Active
P001,IKO Enerfoil Insulation,Insulation,Polymer+Asphalt,roll,13.8,21.4,Ontario,Discontinued
P003,IKO GlassMat,Coatings,Asphalt+Fiberglass,liter,30.7,11.9,Manitoba,Discontinued
P003,IKO InsulFoam Boards,Coatings,Polymer+Asphalt,roll,49.6,14.7,Quebec,Active
P004,IKO RoofWrap Membrane,Reinforcement,Asphalt+Fiberglass,roll,20.2,18.0,Ontario,Discontinued
P009,IKO AquaBarrier Tapes,Shingles,Foam+Polymer,roll,39.0,18.4,Alberta,Active
P005,IKO Cambridge Shingles,Reinforcement,Polymer+Bitumen,liter,30.2,28.5,Ontario,Active
P008,IKO Enerfoil Insulation,Shingles,Bitumen+Additives,liter,20.3,33.7,Alberta,Discontinued
P009,IKO Nordic Shingles,Insulation,Asphalt+Limestone,bundle,48.3,29.2,Quebec,Active
P005,IKO InsulFoam Boards,Membrane,Foam+Polymer,roll,17.1,7.9,Manitoba,Active
P002,IKO Nordic Shingles,Insulation,Asphalt+Slate,sheet,10.3,18.5,Ontario,Discontinued
P002,IKO Enerfoil Insulation,Coatings,Solvent+Additive,sheet,10.7,28.9,Quebec,Active
P002,IKO ArmourShake Shingles,Reinforcement,Bitumen+Additives,roll,12.6,20.2,Ontario,Active
P001,IKO Enerfoil Insulation,Membrane,Asphalt+Slate,bundle,49.6,31.2,Quebec,Discontinued
P001,IKO Cambridge Shingles,Shingles,Asphalt+Slate,bundle,13.8,16.2,Alberta,Discontinued
P006,IKO RoofSeal,Shingles,Fiberglass,bundle,46.2,26.7,Quebec,Discontinued
P007,IKO RoofSeal,Coatings,Polyiso+Foil,sheet,32.5,23.2,Alberta,Discontinued
P010,IKO GlassMat,Shingles,Bitumen+Additives,liter,46.9,10.8,Alberta,Active
P010,IKO Cambridge Shingles,Reinforcement,Asphalt+Fiberglass,roll,32.7,8.8,Ontario,Active
P005,IKO Enerfoil Insulation,Reinforcement,Asphalt+Fiberglass,liter,43.5,9.7,Ontario,Discontinued
P001,IKO Nordic Shingles,Insulation,Asphalt+Fiberglass,sheet,38.2,8.4,Ontario,Discontinued
P003,IKO GlassMat,Coatings,Fiberglass,bundle,51.1,21.8,Ontario,Discontinued
P009,IKO Enerfoil Insulation,Insulation,Polymer+Bitumen,sheet,47.4,22.7,Ontario,Active
P003,IKO FlexRoof Primer,Insulation,Asphalt+Limestone,sheet,36.2,14.9,Quebec,Discontinued
P001,IKO Nordic Shingles,Membrane,Bitumen+Additives,roll,43.1,24.9,Ontario,Discontinued
P008,IKO Enerfoil Insulation,Shingles,Bitumen+Additives,liter,34.4,33.8,Alberta,Active
P004,IKO RoofSeal,Shingles,Foam+Polymer,liter,33.5,30.9,Alberta,Discontinued
P003,IKO Enerfoil Insulation,Coatings,Foam+Polymer,roll,12.2,21.6,Alberta,Active
P005,IKO AquaBarrier Tapes,Membrane,Polymer+Asphalt,bundle,24.5,26.9,Quebec,Discontinued
P006,IKO RoofWrap Membrane,Shingles,Asphalt+Slate,bundle,48.1,37.5,Manitoba,Discontinued
P003,IKO GlassMat,Membrane,Fiberglass,sheet,20.5,23.6,Ontario,Active
P004,IKO RoofWrap Membrane,Reinforcement,Bitumen+Additives,liter,27.2,32.9,Alberta,Active
P009,IKO ArmourShake Shingles,Coatings,Bitumen+Additives,sheet,48.9,36.6,Ontario,Active
P001,IKO Cambridge Shingles,Coatings,Polymer+Bitumen,liter,22.4,31.7,Manitoba,Active
P010,IKO Enerfoil Insulation,Shingles,Asphalt+Fiberglass,roll,48.5,28.6,Quebec,Active
P009,IKO Nordic Shingles,Insulation,Polymer+Asphalt,bundle,24.2,8.7,Manitoba,Active
P007,IKO InsulFoam Boards,Reinforcement,Asphalt+Limestone,liter,18.8,15.5,Quebec,Active
P007,IKO Enerfoil Insulation,Shingles,Polymer+Bitumen,roll,34.4,26.9,Alberta,Active
P006,IKO FlexRoof Primer,Shingles,Polymer+Asphalt,sheet,34.2,29.8,Manitoba,Active
P005,IKO ArmourShake Shingles,Reinforcement,Polymer+Bitumen,roll,25.6,31.3,Alberta,Discontinued
P002,IKO RoofSeal,Insulation,Polyiso+Foil,liter,33.3,25.3,Quebec,Active
P001,IKO FlexRoof Primer,Insulation,Fiberglass,liter,18.5,9.8,Ontario,Active
P001,IKO Enerfoil Insulation,Shingles,Solvent+Additive,roll,33.5,31.8,Alberta,Active
P004,IKO RoofSeal,Insulation,Asphalt+Fiberglass,bundle,20.6,30.5,Alberta,Discontinued
P004,IKO RoofSeal,Coatings,Polyiso+Foil,liter,40.5,23.0,Ontario,Active
P009,IKO GlassMat,Shingles,Polymer+Asphalt,roll,35.2,34.6,Quebec,Active
P006,IKO InsulFoam Boards,Shingles,Solvent+Additive,sheet,36.5,32.4,Alberta,Discontinued
P009,IKO GlassMat,Reinforcement,Asphalt+Fiberglass,sheet,32.6,10.7,Ontario,Active
P009,IKO GlassMat,Membrane,Polyiso+Foil,bundle,34.6,24.4,Ontario,Discontinued
P008,IKO RoofSeal,Reinforcement,Asphalt+Fiberglass,bundle,15.4,28.1,Quebec,Discontinued
P010,IKO RoofWrap Membrane,Coatings,Asphalt+Slate,bundle,18.8,23.4,Ontario,Active
P009,IKO ArmourShake Shingles,Shingles,Solvent+Additive,liter,11.4,13.0,Quebec,Discontinued
P010,IKO RoofSeal,Membrane,Polyiso+Foil,bundle,31.5,10.1,Ontario,Discontinued
P006,IKO FlexRoof Primer,Shingles,Foam+Polymer,bundle,37.9,13.2,Manitoba,Discontinued
P002,IKO RoofSeal,Coatings,Asphalt+Fiberglass,sheet,34.3,14.7,Manitoba,Discontinued
P009,IKO Enerfoil Insulation,Membrane,Polyiso+Foil,roll,23.3,16.4,Quebec,Discontinued
P010,IKO InsulFoam Boards,Shingles,Bitumen+Additives,bundle,47.8,34.8,Quebec,Discontinued
P006,IKO RoofWrap Membrane,Coatings,Polymer+Bitumen,sheet,26.4,17.1,Alberta,Discontinued
P007,IKO InsulFoam Boards,Insulation,Polymer+Asphalt,sheet,17.4,35.4,Manitoba,Discontinued
P001,IKO Cambridge Shingles,Reinforcement,Polymer+Asphalt,bundle,15.0,11.6,Alberta,Discontinued
P005,IKO FlexRoof Primer,Coatings,Asphalt+Limestone,sheet,28.5,19.6,Quebec,Active
P003,IKO InsulFoam Boards,Coatings,Polymer+Asphalt,sheet,43.1,15.6,Quebec,Active
P001,IKO RoofWrap Membrane,Membrane,Solvent+Additive,roll,38.7,21.9,Alberta,Active
P009,IKO GlassMat,Insulation,Foam+Polymer,roll,20.0,24.2,Ontario,Discontinued
P003,IKO GlassMat,Insulation,Polymer+Bitumen,sheet,15.6,15.4,Quebec,Discontinued
P007,IKO Nordic Shingles,Reinforcement,Bitumen+Additives,liter,54.1,15.3,Alberta,Active
P007,IKO GlassMat,Shingles,Bitumen+Additives,sheet,21.8,15.6,Quebec,Active
P001,IKO ArmourShake Shingles,Insulation,Polymer+Bitumen,liter,20.4,35.7,Ontario,Discontinued
P006,IKO Cambridge Shingles,Insulation,Solvent+Additive,liter,54.7,13.3,Alberta,Active
P004,IKO InsulFoam Boards,Shingles,Polymer+Asphalt,liter,45.6,9.8,Quebec,Discontinued
P005,IKO Enerfoil Insulation,Shingles,Polyiso+Foil,bundle,24.1,30.0,Alberta,Discontinued
P002,IKO Cambridge Shingles,Shingles,Solvent+Additive,sheet,51.9,33.4,Quebec,Active
P008,IKO GlassMat,Coatings,Polymer+Bitumen,liter,13.4,20.7,Alberta,Active
P003,IKO Cambridge Shingles,Insulation,Asphalt+Limestone,liter,34.4,25.3,Quebec,Active
P006,IKO Cambridge Shingles,Shingles,Solvent+Additive,bundle,40.1,11.6,Quebec,Discontinued
P005,IKO Cambridge Shingles,Membrane,Asphalt+Limestone,liter,23.5,8.4,Quebec,Active
P001,IKO RoofWrap Membrane,Coatings,Asphalt+Limestone,bundle,40.6,17.0,Manitoba,Active
P001,IKO InsulFoam Boards,Membrane,Asphalt+Fiberglass,roll,22.0,33.5,Alberta,Discontinued
P007,IKO RoofSeal,Coatings,Asphalt+Slate,bundle,13.0,10.6,Ontario,Discontinued
P010,IKO ArmourShake Shingles,Membrane,Asphalt+Slate,roll,44.6,29.4,Alberta,Active
P008,IKO FlexRoof Primer,Reinforcement,Bitumen+Additives,bundle,53.0,30.4,Manitoba,Active
P009,IKO RoofWrap Membrane,Shingles,Polymer+Asphalt,roll,16.8,34.9,Quebec,Active
P006,IKO InsulFoam Boards,Shingles,Foam+Polymer,bundle,19.3,28.7,Alberta,Discontinued
P003,IKO Nordic Shingles,Coatings,Fiberglass,bundle,51.1,32.4,Manitoba,Active
P007,IKO ArmourShake Shingles,Insulation,Polymer+Asphalt,bundle,35.0,16.4,Quebec,Active
P009,IKO ArmourShake Shingles,Coatings,Asphalt+Fiberglass,sheet,23.2,22.4,Ontario,Active
P009,IKO Nordic Shingles,Membrane,Polymer+Asphalt,bundle,48.1,17.1,Quebec,Discontinued
P003,IKO AquaBarrier Tapes,Membrane,Polymer+Bitumen,bundle,18.2,21.7,Ontario,Active
P001,IKO ArmourShake Shingles,Shingles,Foam+Polymer,roll,21.7,35.5,Quebec,Active
P002,IKO GlassMat,Shingles,Bitumen+Additives,sheet,52.0,18.0,Alberta,Active
P008,IKO AquaBarrier Tapes,Coatings,Solvent+Additive,roll,35.5,35.9,Ontario,Discontinued
P007,IKO RoofWrap Membrane,Insulation,Asphalt+Fiberglass,bundle,19.3,15.3,Alberta,Discontinued
P002,IKO GlassMat,Membrane,Asphalt+Slate,roll,19.9,12.5,Alberta,Discontinued
P007,IKO RoofSeal,Coatings,Polymer+Bitumen,liter,48.7,22.1,Alberta,Active
P001,IKO ArmourShake Shingles,Insulation,Fiberglass,sheet,35.2,10.5,Ontario,Active
P010,IKO GlassMat,Insulation,Asphalt+Slate,sheet,11.7,19.1,Ontario,Active
P007,IKO InsulFoam Boards,Reinforcement,Solvent+Additive,liter,44.5,14.1,Alberta,Active
P001,IKO Cambridge Shingles,Coatings,Polyiso+Foil,liter,48.2,25.2,Ontario,Discontinued
P008,IKO RoofWrap Membrane,Insulation,Asphalt+Fiberglass,sheet,23.3,9.1,Ontario,Active
P004,IKO RoofWrap Membrane,Reinforcement,Asphalt+Limestone,sheet,49.0,17.9,Quebec,Discontinued
P002,IKO AquaBarrier Tapes,Reinforcement,Polymer+Asphalt,sheet,44.8,19.0,Manitoba,Active
P002,IKO ArmourShake Shingles,Reinforcement,Bitumen+Additives,roll,13.1,32.0,Alberta,Active
P006,IKO GlassMat,Insulation,Bitumen+Additives,roll,24.2,22.4,Alberta,Active
P007,IKO AquaBarrier Tapes,Coatings,Polymer+Asphalt,bundle,28.6,33.7,Manitoba,Discontinued
P005,IKO RoofWrap Membrane,Coatings,Asphalt+Fiberglass,bundle,44.7,14.2,Quebec,Discontinued
P008,IKO Nordic Shingles,Coatings,Polymer+Bitumen,liter,41.7,37.8,Quebec,Discontinued
P004,IKO ArmourShake Shingles,Coatings,Polymer+Bitumen,sheet,36.7,28.6,Alberta,Active
P003,IKO ArmourShake Shingles,Insulation,Foam+Polymer,roll,15.2,20.8,Ontario,Active
P010,IKO InsulFoam Boards,Insulation,Polymer+Bitumen,roll,49.7,17.5,Manitoba,Discontinued
P010,IKO InsulFoam Boards,Membrane,Fiberglass,bundle,51.4,24.4,Quebec,Active
P007,IKO RoofWrap Membrane,Shingles,Polymer+Bitumen,bundle,31.2,22.0,Ontario,Discontinued
P010,IKO RoofSeal,Reinforcement,Polyiso+Foil,roll,18.6,22.3,Quebec,Active
P001,IKO InsulFoam Boards,Coatings,Asphalt+Slate,liter,31.5,20.1,Alberta,Discontinued
P003,IKO RoofSeal,Insulation,Asphalt+Limestone,sheet,21.8,32.1,Ontario,Active
P010,IKO ArmourShake Shingles,Insulation,Polymer+Asphalt,liter,26.5,37.5,Ontario,Discontinued
P007,IKO FlexRoof Primer,Reinforcement,Bitumen+Additives,sheet,42.8,8.5,Alberta,Discontinued
P008,IKO Cambridge Shingles,Insulation,Polyiso+Foil,bundle,54.9,18.8,Alberta,Active
P009,IKO FlexRoof Primer,Shingles,Foam+Polymer,sheet,21.0,20.9,Manitoba,Active
P003,IKO FlexRoof Primer,Reinforcement,Solvent+Additive,bundle,31.7,22.2,Quebec,Discontinued
P005,IKO GlassMat,Reinforcement,Bitumen+Additives,roll,54.5,14.0,Quebec,Discontinued
P009,IKO RoofWrap Membrane,Insulation,Fiberglass,roll,53.2,9.6,Quebec,Discontinued
P007,IKO InsulFoam Boards,Reinforcement,Polyiso+Foil,liter,25.0,35.7,Manitoba,Active
P004,IKO Cambridge Shingles,Coatings,Asphalt+Slate,sheet,42.0,10.6,Quebec,Active
P002,IKO FlexRoof Primer,Reinforcement,Bitumen+Additives,roll,52.8,18.2,Alberta,Active
P003,IKO ArmourShake Shingles,Membrane,Asphalt+Limestone,sheet,53.0,37.0,Manitoba,Active
P008,IKO RoofWrap Membrane,Coatings,Solvent+Additive,bundle,18.0,11.2,Quebec,Active
P010,IKO AquaBarrier Tapes,Reinforcement,Foam+Polymer,roll,32.8,20.6,Alberta,Discontinued
P008,IKO RoofWrap Membrane,Shingles,Polymer+Asphalt,roll,47.1,19.4,Manitoba,Discontinued
P004,IKO Nordic Shingles,Insulation,Polyiso+Foil,roll,24.6,20.3,Ontario,Discontinued
P003,IKO RoofWrap Membrane,Insulation,Polymer+Bitumen,sheet,12.4,29.6,Manitoba,Discontinued
P009,IKO FlexRoof Primer,Membrane,Polyiso+Foil,liter,49.1,17.1,Alberta,Discontinued
P009,IKO RoofWrap Membrane,Coatings,Solvent+Additive,bundle,46.2,37.9,Ontario,Discontinued
P009,IKO RoofSeal,Reinforcement,Polymer+Asphalt,bundle,13.8,17.5,Alberta,Active
P004,IKO RoofSeal,Coatings,Polymer+Asphalt,liter,15.9,17.7,Manitoba,Discontinued
P009,IKO Nordic Shingles,Shingles,Solvent+Additive,liter,46.6,36.2,Manitoba,Discontinued
P010,IKO FlexRoof Primer,Insulation,Fiberglass,bundle,45.5,9.7,Ontario,Discontinued
P005,IKO Cambridge Shingles,Shingles,Polyiso+Foil,liter,46.8,8.0,Quebec,Discontinued
P002,IKO Cambridge Shingles,Shingles,Bitumen+Additives,roll,32.0,17.5,Alberta,Discontinued
P006,IKO Cambridge Shingles,Membrane,Asphalt+Slate,liter,24.8,9.9,Ontario,Active
P004,IKO RoofWrap Membrane,Membrane,Asphalt+Fiberglass,liter,11.9,31.5,Alberta,Discontinued
P002,IKO Cambridge Shingles,Membrane,Polymer+Asphalt,liter,25.6,35.0,Ontario,Discontinued
P004,IKO Cambridge Shingles,Coatings,Fiberglass,roll,32.7,18.6,Manitoba,Active
P005,IKO AquaBarrier Tapes,Insulation,Polyiso+Foil,sheet,27.7,20.9,Quebec,Discontinued
P007,IKO GlassMat,Coatings,Foam+Polymer,bundle,49.0,16.2,Quebec,Active
P005,IKO InsulFoam Boards,Insulation,Polymer+Asphalt,bundle,24.4,12.1,Ontario,Discontinued
P010,IKO InsulFoam Boards,Coatings,Asphalt+Slate,bundle,47.1,33.4,Alberta,Discontinued
P005,IKO AquaBarrier Tapes,Reinforcement,Polymer+Bitumen,bundle,47.5,21.8,Ontario,Active
P001,IKO Nordic Shingles,Coatings,Asphalt+Limestone,bundle,37.6,28.8,Ontario,Active
P006,IKO RoofSeal,Membrane,Fiberglass,bundle,50.5,36.9,Ontario,Active
P004,IKO RoofWrap Membrane,Insulation,Fiberglass,bundle,50.2,37.4,Alberta,Active
P009,IKO GlassMat,Insulation,Asphalt+Fiberglass,liter,32.3,20.1,Ontario,Active
P002,IKO RoofWrap Membrane,Coatings,Polymer+Bitumen,sheet,20.5,37.7,Quebec,Discontinued
P003,IKO RoofSeal,Insulation,Polymer+Bitumen,roll,42.6,36.5,Quebec,Discontinued
P003,IKO Enerfoil Insulation,Coatings,Solvent+Additive,roll,53.1,26.2,Ontario,Active
P001,IKO Nordic Shingles,Membrane,Bitumen+Additives,sheet,21.2,8.9,Quebec,Active
P004,IKO RoofSeal,Coatings,Fiberglass,sheet,46.1,9.7,Alberta,Discontinued
P007,IKO GlassMat,Coatings,Asphalt+Limestone,sheet,30.8,35.1,Alberta,Active
P010,IKO ArmourShake Shingles,Shingles,Asphalt+Limestone,sheet,40.2,36.2,Manitoba,Discontinued
P003,IKO AquaBarrier Tapes,Membrane,Asphalt+Fiberglass,roll,38.6,11.7,Manitoba,Discontinued
P002,IKO GlassMat,Insulation,Polyiso+Foil,liter,15.7,20.6,Quebec,Active
P007,IKO Enerfoil Insulation,Coatings,Fiberglass,liter,21.2,12.0,Manitoba,Active
P007,IKO Nordic Shingles,Insulation,Foam+Polymer,sheet,16.7,30.0,Ontario,Active
P002,IKO GlassMat,Coatings,Asphalt+Slate,liter,26.7,17.1,Manitoba,Discontinued
P004,IKO RoofSeal,Membrane,Bitumen+Additives,liter,48.5,30.9,Quebec,Active
P002,IKO InsulFoam Boards,Insulation,Asphalt+Slate,roll,31.1,29.5,Manitoba,Discontinued
P001,IKO FlexRoof Primer,Membrane,Fiberglass,sheet,49.4,8.7,Ontario,Active
P006,IKO GlassMat,Shingles,Bitumen+Additives,roll,34.3,31.5,Quebec,Discontinued
P006,IKO InsulFoam Boards,Coatings,Foam+Polymer,sheet,45.4,27.9,Manitoba,Active
P010,IKO GlassMat,Insulation,Asphalt+Slate,liter,14.5,12.8,Alberta,Discontinued
P001,IKO Cambridge Shingles,Insulation,Asphalt+Fiberglass,roll,53.9,36.7,Manitoba,Active
P001,IKO GlassMat,Membrane,Asphalt+Fiberglass,sheet,54.8,28.0,Alberta,Active
P007,IKO ArmourShake Shingles,Coatings,Asphalt+Fiberglass,sheet,38.3,13.3,Alberta,Active
P010,IKO FlexRoof Primer,Reinforcement,Foam+Polymer,sheet,14.6,10.7,Manitoba,Active
P008,IKO GlassMat,Membrane,Fiberglass,bundle,47.6,28.0,Alberta,Active
P006,IKO ArmourShake Shingles,Shingles,Asphalt+Limestone,roll,51.1,37.0,Quebec,Active
P005,IKO AquaBarrier Tapes,Shingles,Polyiso+Foil,sheet,19.3,26.2,Ontario,Active
P007,IKO Nordic Shingles,Reinforcement,Polyiso+Foil,bundle,19.7,26.9,Quebec,Active
P007,IKO AquaBarrier Tapes,Coatings,Asphalt+Slate,liter,49.2,9.7,Alberta,Discontinued
P004,IKO InsulFoam Boards,Insulation,Foam+Polymer,liter,41.2,19.7,Quebec,Discontinued
P005,IKO AquaBarrier Tapes,Shingles,Bitumen+Additives,liter,13.3,14.9,Manitoba,Active
P003,IKO Enerfoil Insulation,Membrane,Foam+Polymer,sheet,17.6,26.3,Alberta,Active
P001,IKO GlassMat,Coatings,Bitumen+Additives,bundle,50.2,8.0,Quebec,Discontinued
P002,IKO ArmourShake Shingles,Reinforcement,Bitumen+Additives,roll,19.1,31.4,Quebec,Active
P006,IKO AquaBarrier Tapes,Reinforcement,Bitumen+Additives,roll,11.4,9.7,Alberta,Discontinued
P001,IKO FlexRoof Primer,Membrane,Foam+Polymer,liter,31.3,23.8,Quebec,Active
P001,IKO FlexRoof Primer,Coatings,Polyiso+Foil,roll,42.9,37.9,Quebec,Discontinued
P005,IKO AquaBarrier Tapes,Shingles,Fiberglass,bundle,37.5,34.1,Alberta,Discontinued
P005,IKO Enerfoil Insulation,Insulation,Polymer+Bitumen,liter,42.1,14.9,Manitoba,Active
P002,IKO AquaBarrier Tapes,Membrane,Asphalt+Fiberglass,roll,15.7,34.9,Ontario,Active
P010,IKO InsulFoam Boards,Insulation,Asphalt+Slate,sheet,37.3,18.8,Manitoba,Active
P002,IKO Cambridge Shingles,Shingles,Polymer+Bitumen,bundle,13.3,22.3,Manitoba,Active
P003,IKO ArmourShake Shingles,Membrane,Asphalt+Limestone,roll,13.1,11.8,Quebec,Discontinued
P010,IKO RoofWrap Membrane,Reinforcement,Polymer+Bitumen,roll,17.4,27.8,Alberta,Discontinued
P007,IKO InsulFoam Boards,Insulation,Asphalt+Slate,roll,10.1,24.1,Ontario,Active
P007,IKO Cambridge Shingles,Insulation,Asphalt+Slate,liter,20.1,15.0,Quebec,Discontinued
P002,IKO AquaBarrier Tapes,Insulation,Fiberglass,liter,48.8,8.9,Alberta,Discontinued
P002,IKO Cambridge Shingles,Membrane,Polyiso+Foil,sheet,10.6,37.7,Manitoba,Discontinued
P001,IKO InsulFoam Boards,Reinforcement,Asphalt+Fiberglass,sheet,21.0,33.6,Alberta,Discontinued
P005,IKO AquaBarrier Tapes,Insulation,Foam+Polymer,sheet,48.5,18.4,Quebec,Active
P001,IKO Cambridge Shingles,Reinforcement,Polymer+Bitumen,liter,23.8,29.2,Quebec,Active
P008,IKO Cambridge Shingles,Shingles,Asphalt+Slate,roll,33.9,17.7,Alberta,Discontinued
P004,IKO InsulFoam Boards,Membrane,Foam+Polymer,sheet,33.8,15.5,Manitoba,Active
P009,IKO Enerfoil Insulation,Insulation,Solvent+Additive,bundle,49.6,18.3,Alberta,Active
P004,IKO GlassMat,Reinforcement,Solvent+Additive,roll,46.3,26.9,Manitoba,Discontinued
P008,IKO GlassMat,Reinforcement,Polymer+Bitumen,sheet,20.0,21.1,Alberta,Active
P002,IKO ArmourShake Shingles,Insulation,Asphalt+Limestone,bundle,45.7,33.5,Alberta,Discontinued
P003,IKO GlassMat,Membrane,Asphalt+Slate,liter,15.5,16.3,Manitoba,Discontinued
P007,IKO GlassMat,Membrane,Bitumen+Additives,roll,10.1,21.3,Ontario,Active
P006,IKO Nordic Shingles,Membrane,Fiberglass,sheet,25.5,11.0,Alberta,Discontinued
P010,IKO RoofSeal,Insulation,Fiberglass,liter,47.7,12.0,Manitoba,Discontinued
P004,IKO Nordic Shingles,Membrane,Asphalt+Slate,bundle,22.0,28.6,Ontario,Active
P007,IKO Cambridge Shingles,Shingles,Solvent+Additive,liter,24.4,13.6,Alberta,Discontinued
P003,IKO Nordic Shingles,Shingles,Polyiso+Foil,roll,28.1,18.1,Manitoba,Active
P009,IKO Enerfoil Insulation,Reinforcement,Asphalt+Slate,roll,44.4,36.3,Manitoba,Discontinued
P010,IKO Enerfoil Insulation,Shingles,Polyiso+Foil,roll,42.1,26.2,Alberta,Active
P001,IKO ArmourShake Shingles,Shingles,Foam+Polymer,bundle,43.1,12.5,Manitoba,Active
P006,IKO Nordic Shingles,Coatings,Bitumen+Additives,liter,40.6,17.6,Quebec,Discontinued
P003,IKO ArmourShake Shingles,Shingles,Polyiso+Foil,liter,24.3,7.7,Ontario,Discontinued
P007,IKO ArmourShake Shingles,Shingles,Solvent+Additive,bundle,15.9,15.2,Manitoba,Discontinued
P005,IKO ArmourShake Shingles,Shingles,Polymer+Asphalt,roll,16.2,35.9,Ontario,Discontinued
P004,IKO FlexRoof Primer,Coatings,Bitumen+Additives,bundle,46.6,16.3,Manitoba,Discontinued
P004,IKO RoofSeal,Membrane,Bitumen+Additives,sheet,17.1,23.3,Quebec,Active
P007,IKO Cambridge Shingles,Membrane,Asphalt+Limestone,roll,47.7,10.4,Alberta,Active
P008,IKO GlassMat,Shingles,Solvent+Additive,roll,41.9,29.7,Quebec,Active
P004,IKO ArmourShake Shingles,Shingles,Fiberglass,sheet,52.5,32.4,Ontario,Discontinued
P006,IKO RoofSeal,Shingles,Asphalt+Slate,bundle,34.4,26.1,Manitoba,Active
P001,IKO InsulFoam Boards,Membrane,Polymer+Bitumen,sheet,33.9,20.1,Quebec,Discontinued
P006,IKO InsulFoam Boards,Reinforcement,Asphalt+Fiberglass,bundle,28.3,25.8,Alberta,Active
P003,IKO InsulFoam Boards,Membrane,Polymer+Bitumen,liter,22.2,37.2,Ontario,Discontinued
P010,IKO AquaBarrier Tapes,Shingles,Asphalt+Limestone,sheet,19.8,11.3,Manitoba,Active
P004,IKO Enerfoil Insulation,Coatings,Asphalt+Slate,bundle,24.9,27.3,Ontario,Active
P006,IKO FlexRoof Primer,Insulation,Polyiso+Foil,sheet,43.5,17.1,Quebec,Discontinued
P002,IKO RoofSeal,Membrane,Foam+Polymer,sheet,45.5,36.6,Manitoba,Discontinued
P003,IKO RoofWrap Membrane,Reinforcement,Asphalt+Slate,liter,31.5,32.9,Manitoba,Discontinued
P003,IKO GlassMat,Shingles,Fiberglass,sheet,13.0,20.4,Alberta,Active
P008,IKO RoofSeal,Membrane,Polymer+Asphalt,bundle,16.8,33.7,Ontario,Discontinued
P008,IKO Cambridge Shingles,Shingles,Bitumen+Additives,bundle,49.8,34.4,Ontario,Discontinued
P005,IKO RoofSeal,Membrane,Asphalt+Fiberglass,roll,52.2,23.6,Ontario,Discontinued
P007,IKO Enerfoil Insulation,Membrane,Solvent+Additive,bundle,24.9,34.1,Quebec,Discontinued
P008,IKO Enerfoil Insulation,Coatings,Polyiso+Foil,roll,40.7,30.9,Quebec,Discontinued
P002,IKO Enerfoil Insulation,Reinforcement,Fiberglass,sheet,26.1,37.1,Quebec,Active
P004,IKO Nordic Shingles,Coatings,Bitumen+Additives,bundle,46.7,31.7,Alberta,Active
P010,IKO ArmourShake Shingles,Reinforcement,Polymer+Asphalt,sheet,53.0,10.1,Manitoba,Active
P008,IKO Enerfoil Insulation,Coatings,Foam+Polymer,bundle,33.2,33.0,Manitoba,Active
P007,IKO RoofSeal,Insulation,Solvent+Additive,liter,23.7,35.4,Alberta,Discontinued
P003,IKO RoofSeal,Coatings,Foam+Polymer,bundle,38.8,23.1,Alberta,Active
P009,IKO FlexRoof Primer,Insulation,Asphalt+Limestone,bundle,32.2,21.5,Alberta,Active
P007,IKO AquaBarrier Tapes,Membrane,Asphalt+Limestone,bundle,32.1,8.9,Ontario,Active
P005,IKO GlassMat,Reinforcement,Fiberglass,sheet,37.5,36.5,Ontario,Active
P008,IKO ArmourShake Shingles,Membrane,Solvent+Additive,liter,23.8,23.1,Quebec,Active
P009,IKO ArmourShake Shingles,Shingles,Polyiso+Foil,roll,28.1,29.3,Alberta,Active
P001,IKO ArmourShake Shingles,Membrane,Foam+Polymer,liter,53.3,20.7,Ontario,Active
P010,IKO Nordic Shingles,Shingles,Asphalt+Limestone,liter,18.5,12.0,Manitoba,Active
P009,IKO InsulFoam Boards,Membrane,Asphalt+Slate,roll,29.9,9.6,Alberta,Discontinued
P009,IKO Enerfoil Insulation,Coatings,Foam+Polymer,liter,23.6,15.4,Alberta,Active
P001,IKO RoofSeal,Insulation,Bitumen+Additives,bundle,31.2,28.3,Alberta,Discontinued
P009,IKO Nordic Shingles,Coatings,Asphalt+Fiberglass,bundle,31.5,14.0,Ontario,Discontinued
P003,IKO GlassMat,Coatings,Polymer+Bitumen,liter,44.4,26.4,Alberta,Active
P003,IKO FlexRoof Primer,Shingles,Asphalt+Fiberglass,bundle,38.3,11.1,Ontario,Discontinued
P010,IKO AquaBarrier Tapes,Coatings,Foam+Polymer,roll,29.0,20.2,Ontario,Discontinued
P002,IKO AquaBarrier Tapes,Shingles,Fiberglass,sheet,37.9,19.4,Manitoba,Discontinued
P010,IKO ArmourShake Shingles,Shingles,Polyiso+Foil,liter,41.0,30.9,Ontario,Discontinued
P004,IKO InsulFoam Boards,Shingles,Asphalt+Slate,bundle,35.6,30.8,Manitoba,Active
P003,IKO Cambridge Shingles,Membrane,Fiberglass,roll,23.9,23.9,Alberta,Active
P009,IKO ArmourShake Shingles,Shingles,Polymer+Bitumen,roll,39.3,34.4,Ontario,Discontinued
P008,IKO Cambridge Shingles,Coatings,Bitumen+Additives,roll,19.9,29.2,Manitoba,Discontinued
P010,IKO RoofSeal,Coatings,Foam+Polymer,roll,39.2,24.1,Quebec,Discontinued
P008,IKO RoofWrap Membrane,Insulation,Asphalt+Fiberglass,liter,24.7,36.6,Quebec,Discontinued
P006,IKO InsulFoam Boards,Shingles,Polyiso+Foil,bundle,46.4,29.8,Ontario,Active
P005,IKO InsulFoam Boards,Reinforcement,Asphalt+Fiberglass,bundle,38.8,21.6,Manitoba,Discontinued
P004,IKO FlexRoof Primer,Reinforcement,Foam+Polymer,roll,30.2,9.5,Quebec,Active
P009,IKO AquaBarrier Tapes,Insulation,Polymer+Bitumen,liter,38.1,28.4,Ontario,Active
P005,IKO InsulFoam Boards,Reinforcement,Polyiso+Foil,bundle,41.5,23.4,Alberta,Discontinued
P006,IKO Nordic Shingles,Shingles,Asphalt+Limestone,sheet,38.5,19.8,Quebec,Active
P008,IKO InsulFoam Boards,Shingles,Asphalt+Limestone,bundle,19.2,14.8,Ontario,Discontinued
P007,IKO Enerfoil Insulation,Shingles,Polymer+Asphalt,bundle,40.0,29.4,Ontario,Discontinued
P001,IKO ArmourShake Shingles,Coatings,Solvent+Additive,roll,46.7,16.5,Alberta,Active
P006,IKO ArmourShake Shingles,Coatings,Polyiso+Foil,roll,10.6,33.1,Ontario,Active
P001,IKO InsulFoam Boards,Membrane,Solvent+Additive,liter,37.5,14.4,Quebec,Active
P006,IKO FlexRoof Primer,Insulation,Bitumen+Additives,bundle,12.3,17.2,Alberta,Active
P007,IKO Cambridge Shingles,Reinforcement,Foam+Polymer,roll,27.0,13.0,Manitoba,Active
P008,IKO Cambridge Shingles,Membrane,Asphalt+Slate,liter,45.3,23.5,Manitoba,Discontinued
P006,IKO Enerfoil Insulation,Shingles,Asphalt+Fiberglass,sheet,24.4,10.2,Quebec,Active
P005,IKO Nordic Shingles,Insulation,Asphalt+Fiberglass,roll,34.3,9.6,Manitoba,Active
P007,IKO Enerfoil Insulation,Insulation,Asphalt+Limestone,roll,42.6,7.5,Alberta,Discontinued
P010,IKO AquaBarrier Tapes,Insulation,Bitumen+Additives,sheet,46.6,16.8,Manitoba,Active
P002,IKO RoofSeal,Reinforcement,Foam+Polymer,roll,30.9,9.0,Manitoba,Discontinued
P010,IKO ArmourShake Shingles,Shingles,Polymer+Asphalt,bundle,31.4,12.7,Manitoba,Discontinued
P002,IKO Cambridge Shingles,Coatings,Polymer+Bitumen,bundle,13.7,20.0,Ontario,Active
P006,IKO RoofWrap Membrane,Membrane,Polymer+Asphalt,sheet,41.6,13.0,Quebec,Discontinued
P008,IKO GlassMat,Insulation,Solvent+Additive,liter,35.8,34.9,Manitoba,Discontinued
P001,IKO Nordic Shingles,Reinforcement,Fiberglass,roll,41.5,12.9,Quebec,Discontinued
P002,IKO ArmourShake Shingles,Shingles,Foam+Polymer,roll,36.2,22.1,Ontario,Discontinued
P009,IKO AquaBarrier Tapes,Insulation,Polyiso+Foil,bundle,15.4,8.6,Ontario,Active
P008,IKO Nordic Shingles,Membrane,Asphalt+Fiberglass,liter,15.4,18.5,Quebec,Active
P010,IKO InsulFoam Boards,Shingles,Bitumen+Additives,liter,20.8,22.3,Ontario,Discontinued
P008,IKO InsulFoam Boards,Insulation,Asphalt+Limestone,liter,42.7,31.5,Quebec,Discontinued
P002,IKO Cambridge Shingles,Membrane,Solvent+Additive,liter,36.6,18.0,Manitoba,Discontinued
P006,IKO RoofSeal,Membrane,Asphalt+Limestone,sheet,40.3,34.6,Quebec,Discontinued
P004,IKO FlexRoof Primer,Coatings,Solvent+Additive,liter,53.1,21.9,Ontario,Discontinued
P008,IKO FlexRoof Primer,Insulation,Fiberglass,bundle,23.2,13.1,Quebec,Active
P004,IKO GlassMat,Shingles,Solvent+Additive,roll,24.6,20.6,Quebec,Discontinued
P010,IKO AquaBarrier Tapes,Membrane,Bitumen+Additives,roll,22.0,37.3,Manitoba,Active
P010,IKO Cambridge Shingles,Coatings,Solvent+Additive,roll,13.1,12.6,Ontario,Active
P001,IKO RoofWrap Membrane,Shingles,Fiberglass,sheet,42.6,33.3,Alberta,Active
P003,IKO Cambridge Shingles,Membrane,Polyiso+Foil,liter,16.2,15.7,Ontario,Active
P004,IKO FlexRoof Primer,Coatings,Polyiso+Foil,liter,20.7,27.6,Alberta,Active
P001,IKO GlassMat,Coatings,Solvent+Additive,bundle,50.1,28.1,Alberta,Active
P005,IKO GlassMat,Membrane,Bitumen+Additives,sheet,52.9,8.8,Manitoba,Active
P002,IKO FlexRoof Primer,Shingles,Polymer+Bitumen,sheet,24.8,36.6,Quebec,Active
P002,IKO FlexRoof Primer,Coatings,Asphalt+Limestone,liter,49.6,13.7,Ontario,Discontinued
P005,IKO GlassMat,Insulation,Asphalt+Limestone,sheet,48.7,36.1,Manitoba,Active
P005,IKO Nordic Shingles,Coatings,Solvent+Additive,liter,25.5,31.6,Quebec,Discontinued
P004,IKO Cambridge Shingles,Reinforcement,Polymer+Asphalt,sheet,47.3,37.1,Manitoba,Active
P001,IKO AquaBarrier Tapes,Insulation,Asphalt+Limestone,sheet,13.9,14.7,Ontario,Discontinued
P007,IKO Enerfoil Insulation,Shingles,Polymer+Asphalt,sheet,39.5,27.5,Manitoba,Discontinued
P007,IKO AquaBarrier Tapes,Insulation,Polymer+Bitumen,sheet,16.1,36.6,Quebec,Active
P006,IKO RoofSeal,Insulation,Polymer+Bitumen,sheet,22.6,35.9,Ontario,Active
P007,IKO RoofSeal,Reinforcement,Polymer+Bitumen,liter,34.8,10.0,Manitoba,Discontinued
P001,IKO Nordic Shingles,Membrane,Asphalt+Limestone,sheet,29.6,20.5,Ontario,Discontinued
P009,IKO RoofWrap Membrane,Shingles,Fiberglass,sheet,29.5,34.6,Alberta,Discontinued
P005,IKO InsulFoam Boards,Membrane,Polyiso+Foil,sheet,13.9,31.7,Manitoba,Active
P007,IKO GlassMat,Membrane,Asphalt+Slate,liter,13.9,16.7,Alberta,Discontinued
P008,IKO Cambridge Shingles,Membrane,Asphalt+Fiberglass,sheet,20.3,37.9,Manitoba,Discontinued
P003,IKO Cambridge Shingles,Coatings,Asphalt+Limestone,bundle,26.7,25.3,Ontario,Active
P005,IKO Cambridge Shingles,Membrane,Polyiso+Foil,roll,41.0,33.9,Quebec,Active
P004,IKO Nordic Shingles,Reinforcement,Fiberglass,roll,46.0,29.0,Quebec,Discontinued
P006,IKO AquaBarrier Tapes,Shingles,Foam+Polymer,bundle,25.2,25.8,Manitoba,Active
P007,IKO Cambridge Shingles,Insulation,Asphalt+Slate,bundle,21.4,12.0,Quebec,Active
P002,IKO FlexRoof Primer,Insulation,Polymer+Bitumen,roll,31.2,17.6,Ontario,Discontinued
P008,IKO Nordic Shingles,Membrane,Foam+Polymer,sheet,14.0,21.6,Ontario,Discontinued
P002,IKO Nordic Shingles,Insulation,Asphalt+Slate,sheet,34.7,29.6,Quebec,Active
P004,IKO Enerfoil Insulation,Insulation,Polymer+Bitumen,roll,52.4,11.6,Ontario,Active
P002,IKO RoofWrap Membrane,Membrane,Bitumen+Additives,roll,44.0,9.6,Quebec,Active
P006,IKO AquaBarrier Tapes,Coatings,Asphalt+Limestone,liter,30.7,10.7,Manitoba,Discontinued
P007,IKO RoofWrap Membrane,Coatings,Fiberglass,roll,39.8,35.9,Quebec,Active
P009,IKO Nordic Shingles,Insulation,Polymer+Bitumen,liter,53.1,16.4,Manitoba,Discontinued
P008,IKO GlassMat,Membrane,Polymer+Asphalt,bundle,33.3,12.3,Manitoba,Active
P001,IKO GlassMat,Reinforcement,Polyiso+Foil,roll,48.1,24.5,Alberta,Active
P010,IKO Cambridge Shingles,Membrane,Solvent+Additive,sheet,45.5,23.8,Manitoba,Discontinued
P006,IKO FlexRoof Primer,Insulation,Foam+Polymer,sheet,16.3,25.0,Manitoba,Discontinued
P005,IKO Enerfoil Insulation,Reinforcement,Bitumen+Additives,liter,43.1,19.7,Alberta,Active
P002,IKO Cambridge Shingles,Coatings,Asphalt+Fiberglass,bundle,14.0,11.1,Manitoba,Discontinued
P007,IKO AquaBarrier Tapes,Reinforcement,Asphalt+Limestone,sheet,22.4,15.5,Manitoba,Discontinued
P003,IKO GlassMat,Shingles,Fiberglass,liter,48.6,19.4,Quebec,Active
P002,IKO Nordic Shingles,Reinforcement,Foam+Polymer,sheet,18.8,30.0,Quebec,Active
P010,IKO ArmourShake Shingles,Membrane,Asphalt+Slate,sheet,43.4,36.8,Manitoba,Active
P010,IKO RoofWrap Membrane,Reinforcement,Polyiso+Foil,bundle,29.9,19.9,Ontario,Active
P002,IKO RoofSeal,Reinforcement,Asphalt+Limestone,liter,42.6,34.3,Manitoba,Active
P009,IKO Enerfoil Insulation,Membrane,Polymer+Bitumen,bundle,17.7,24.2,Ontario,Active
P002,IKO RoofWrap Membrane,Coatings,Asphalt+Fiberglass,bundle,50.0,9.4,Manitoba,Active
P007,IKO RoofSeal,Membrane,Solvent+Additive,liter,13.6,28.5,Quebec,Discontinued
P008,IKO Nordic Shingles,Membrane,Foam+Polymer,sheet,50.5,18.5,Manitoba,Active
P007,IKO Enerfoil Insulation,Reinforcement,Solvent+Additive,sheet,49.7,30.2,Manitoba,Discontinued
P002,IKO Enerfoil Insulation,Reinforcement,Fiberglass,sheet,36.8,29.2,Quebec,Discontinued
P003,IKO GlassMat,Coatings,Fiberglass,sheet,14.2,22.7,Ontario,Discontinued
P001,IKO RoofSeal,Membrane,Foam+Polymer,sheet,26.8,37.2,Manitoba,Active
P009,IKO AquaBarrier Tapes,Reinforcement,Asphalt+Limestone,liter,33.3,31.1,Ontario,Active
P002,IKO InsulFoam Boards,Coatings,Polymer+Bitumen,liter,20.5,24.2,Ontario,Active
P010,IKO GlassMat,Shingles,Polyiso+Foil,liter,22.6,10.3,Alberta,Discontinued
P004,IKO ArmourShake Shingles,Coatings,Polymer+Asphalt,bundle,38.6,15.6,Ontario,Discontinued
P001,IKO Cambridge Shingles,Shingles,Polyiso+Foil,sheet,32.4,27.5,Manitoba,Discontinued
P004,IKO Enerfoil Insulation,Coatings,Polyiso+Foil,liter,40.9,11.0,Ontario,Active
P006,IKO Nordic Shingles,Shingles,Foam+Polymer,roll,19.9,14.5,Quebec,Active
P008,IKO RoofWrap Membrane,Shingles,Polyiso+Foil,liter,50.6,8.1,Ontario,Active
P001,IKO Cambridge Shingles,Membrane,Solvent+Additive,bundle,33.2,18.9,Ontario,Discontinued
P002,IKO GlassMat,Shingles,Asphalt+Limestone,roll,23.1,36.7,Quebec,Discontinued
P004,IKO InsulFoam Boards,Reinforcement,Asphalt+Fiberglass,liter,48.7,11.1,Alberta,Discontinued
P003,IKO FlexRoof Primer,Coatings,Asphalt+Slate,bundle,51.3,27.4,Manitoba,Active
P005,IKO Enerfoil Insulation,Coatings,Polymer+Bitumen,roll,18.6,19.1,Manitoba,Discontinued
P004,IKO GlassMat,Shingles,Fiberglass,sheet,17.8,37.7,Ontario,Discontinued
P006,IKO InsulFoam Boards,Membrane,Asphalt+Limestone,sheet,27.6,22.5,Alberta,Active
P002,IKO RoofSeal,Membrane,Foam+Polymer,sheet,26.4,31.5,Manitoba,Active
P005,IKO GlassMat,Shingles,Polymer+Asphalt,sheet,54.7,21.0,Alberta,Active
P006,IKO RoofSeal,Reinforcement,Polymer+Asphalt,roll,45.4,16.7,Quebec,Discontinued
P006,IKO FlexRoof Primer,Shingles,Fiberglass,liter,44.9,35.4,Quebec,Discontinued
P009,IKO ArmourShake Shingles,Coatings,Foam+Polymer,sheet,32.1,37.6,Alberta,Discontinued
P006,IKO Enerfoil Insulation,Shingles,Polymer+Bitumen,roll,31.5,8.7,Quebec,Discontinued
P002,IKO Cambridge Shingles,Membrane,Fiberglass,roll,17.9,12.9,Alberta,Active
P008,IKO Enerfoil Insulation,Coatings,Asphalt+Limestone,roll,42.2,27.5,Manitoba,Active
P002,IKO Enerfoil Insulation,Insulation,Asphalt+Slate,roll,17.0,14.1,Quebec,Active
P008,IKO GlassMat,Shingles,Polymer+Bitumen,bundle,28.2,10.5,Quebec,Active
P010,IKO RoofSeal,Insulation,Asphalt+Limestone,sheet,28.5,17.3,Ontario,Discontinued
P005,IKO Enerfoil Insulation,Shingles,Polymer+Asphalt,sheet,10.3,16.2,Ontario,Active
P003,IKO GlassMat,Shingles,Fiberglass,bundle,34.6,12.4,Quebec,Discontinued
P001,IKO Cambridge Shingles,Shingles,Foam+Polymer,roll,49.4,23.3,Ontario,Active
P008,IKO FlexRoof Primer,Membrane,Asphalt+Fiberglass,roll,25.6,13.5,Quebec,Active
P010,IKO InsulFoam Boards,Coatings,Polyiso+Foil,bundle,50.6,13.8,Quebec,Discontinued
P009,IKO InsulFoam Boards,Insulation,Polyiso+Foil,bundle,25.5,8.1,Quebec,Discontinued
P007,IKO GlassMat,Shingles,Asphalt+Fiberglass,bundle,22.4,37.3,Alberta,Discontinued
P005,IKO AquaBarrier Tapes,Membrane,Solvent+Additive,liter,40.8,7.9,Alberta,Active
P008,IKO Cambridge Shingles,Shingles,Asphalt+Fiberglass,sheet,54.4,24.3,Alberta,Discontinued
P001,IKO InsulFoam Boards,Shingles,Solvent+Additive,liter,37.0,22.0,Manitoba,Discontinued
P003,IKO Cambridge Shingles,Insulation,Polymer+Bitumen,liter,29.1,35.8,Ontario,Discontinued
P002,IKO RoofWrap Membrane,Membrane,Fiberglass,bundle,39.5,8.0,Ontario,Active
P009,IKO Enerfoil Insulation,Insulation,Asphalt+Limestone,roll,44.7,34.4,Manitoba,Discontinued
P002,IKO AquaBarrier Tapes,Coatings,Polymer+Bitumen,bundle,30.6,15.4,Alberta,Discontinued
P007,IKO FlexRoof Primer,Coatings,Polymer+Bitumen,roll,43.3,22.0,Alberta,Discontinued
P001,IKO AquaBarrier Tapes,Shingles,Asphalt+Limestone,sheet,23.8,37.3,Quebec,Discontinued
P004,IKO Nordic Shingles,Membrane,Asphalt+Slate,roll,18.8,30.3,Alberta,Discontinued
P004,IKO Cambridge Shingles,Membrane,Asphalt+Limestone,liter,43.6,31.8,Quebec,Discontinued
P003,IKO RoofWrap Membrane,Coatings,Polyiso+Foil,bundle,44.7,26.0,Quebec,Active
P008,IKO Cambridge Shingles,Membrane,Asphalt+Limestone,bundle,32.1,23.4,Alberta,Discontinued
P005,IKO InsulFoam Boards,Insulation,Foam+Polymer,roll,42.9,30.4,Alberta,Discontinued
P008,IKO RoofSeal,Reinforcement,Polyiso+Foil,bundle,53.9,34.5,Manitoba,Active
P010,IKO InsulFoam Boards,Coatings,Polyiso+Foil,roll,25.2,8.0,Manitoba,Discontinued
P005,IKO FlexRoof Primer,Coatings,Fiberglass,sheet,37.3,13.8,Alberta,Active
P010,IKO RoofWrap Membrane,Membrane,Foam+Polymer,bundle,11.0,23.8,Quebec,Discontinued
P001,IKO ArmourShake Shingles,Reinforcement,Solvent+Additive,roll,15.8,12.7,Manitoba,Discontinued
P001,IKO Cambridge Shingles,Insulation,Polyiso+Foil,roll,13.0,21.4,Manitoba,Active
P008,IKO AquaBarrier Tapes,Insulation,Asphalt+Limestone,sheet,21.8,9.8,Ontario,Discontinued
P004,IKO Enerfoil Insulation,Coatings,Polymer+Asphalt,bundle,33.8,12.1,Manitoba,Discontinued
P008,IKO RoofSeal,Insulation,Fiberglass,sheet,42.2,15.6,Manitoba,Discontinued
P007,IKO GlassMat,Shingles,Fiberglass,sheet,11.7,18.2,Alberta,Active
P008,IKO ArmourShake Shingles,Reinforcement,Bitumen+Additives,sheet,19.9,17.4,Alberta,Discontinued
P006,IKO Cambridge Shingles,Coatings,Solvent+Additive,sheet,14.5,37.8,Manitoba,Active
P005,IKO AquaBarrier Tapes,Shingles,Asphalt+Limestone,bundle,12.0,28.3,Alberta,Active
P001,IKO InsulFoam Boards,Reinforcement,Polymer+Bitumen,liter,37.2,19.0,Alberta,Discontinued
P010,IKO ArmourShake Shingles,Coatings,Polymer+Asphalt,sheet,52.6,26.7,Alberta,Active
P006,IKO FlexRoof Primer,Shingles,Polymer+Asphalt,bundle,29.4,14.0,Quebec,Discontinued
P010,IKO Enerfoil Insulation,Membrane,Solvent+Additive,sheet,38.9,18.3,Manitoba,Active
P004,IKO ArmourShake Shingles,Insulation,Polyiso+Foil,roll,45.1,10.6,Quebec,Discontinued
P010,IKO RoofSeal,Coatings,Asphalt+Limestone,roll,55.0,10.6,Manitoba,Active
P004,IKO ArmourShake Shingles,Coatings,Solvent+Additive,roll,33.0,8.1,Manitoba,Discontinued
P007,IKO AquaBarrier Tapes,Shingles,Polymer+Bitumen,liter,14.8,12.3,Quebec,Discontinued
P002,IKO Nordic Shingles,Coatings,Polymer+Asphalt,sheet,12.2,32.0,Manitoba,Discontinued
P004,IKO ArmourShake Shingles,Coatings,Polyiso+Foil,sheet,14.0,10.8,Alberta,Active
P003,IKO InsulFoam Boards,Reinforcement,Bitumen+Additives,liter,27.6,10.8,Manitoba,Discontinued
P006,IKO FlexRoof Primer,Reinforcement,Polymer+Asphalt,sheet,44.5,22.9,Alberta,Discontinued
P006,IKO RoofWrap Membrane,Membrane,Foam+Polymer,liter,31.5,15.4,Ontario,Discontinued
P004,IKO Cambridge Shingles,Coatings,Foam+Polymer,bundle,51.3,27.3,Manitoba,Discontinued
P003,IKO FlexRoof Primer,Shingles,Bitumen+Additives,liter,31.2,31.2,Alberta,Active
P010,IKO ArmourShake Shingles,Shingles,Foam+Polymer,liter,41.0,22.5,Alberta,Active
P005,IKO RoofWrap Membrane,Insulation,Asphalt+Fiberglass,roll,45.3,12.1,Alberta,Active
P008,IKO Enerfoil Insulation,Insulation,Polyiso+Foil,sheet,47.8,26.5,Ontario,Active
P003,IKO GlassMat,Coatings,Polyiso+Foil,liter,16.5,24.5,Manitoba,Discontinued
P009,IKO FlexRoof Primer,Reinforcement,Polyiso+Foil,sheet,14.5,27.4,Alberta,Discontinued
P010,IKO RoofWrap Membrane,Insulation,Polymer+Bitumen,liter,39.1,27.8,Quebec,Active
P009,IKO Nordic Shingles,Insulation,Foam+Polymer,liter,33.8,18.1,Ontario,Discontinued
P003,IKO Nordic Shingles,Insulation,Polymer+Asphalt,roll,11.8,13.1,Alberta,Discontinued
P009,IKO Nordic Shingles,Insulation,Fiberglass,sheet,41.6,33.9,Ontario,Active
P004,IKO Cambridge Shingles,Coatings,Foam+Polymer,roll,53.7,15.9,Manitoba,Active
P002,IKO RoofSeal,Shingles,Polymer+Asphalt,sheet,54.1,17.0,Manitoba,Discontinued
P009,IKO AquaBarrier Tapes,Coatings,Asphalt+Limestone,liter,16.3,24.2,Manitoba,Active
P003,IKO Cambridge Shingles,Reinforcement,Fiberglass,roll,46.1,15.2,Alberta,Active
P007,IKO AquaBarrier Tapes,Coatings,Polymer+Bitumen,liter,23.4,27.7,Alberta,Active
P004,IKO Nordic Shingles,Shingles,Fiberglass,sheet,38.3,37.8,Quebec,Discontinued
P006,IKO InsulFoam Boards,Reinforcement,Polymer+Bitumen,liter,35.0,28.2,Quebec,Active
P009,IKO RoofWrap Membrane,Shingles,Asphalt+Slate,roll,33.1,17.9,Ontario,Active
P005,IKO RoofSeal,Shingles,Fiberglass,liter,13.0,14.5,Quebec,Active
P002,IKO Nordic Shingles,Membrane,Solvent+Additive,roll,28.7,32.6,Ontario,Discontinued
P006,IKO InsulFoam Boards,Membrane,Foam+Polymer,bundle,53.5,20.2,Quebec,Discontinued
P005,IKO GlassMat,Membrane,Foam+Polymer,liter,37.6,13.0,Ontario,Active
P004,IKO InsulFoam Boards,Insulation,Asphalt+Limestone,roll,41.5,26.9,Ontario,Active
P003,IKO GlassMat,Reinforcement,Solvent+Additive,sheet,40.4,13.4,Quebec,Discontinued
P001,IKO FlexRoof Primer,Coatings,Foam+Polymer,bundle,38.8,21.7,Ontario,Discontinued
P004,IKO RoofSeal,Reinforcement,Asphalt+Fiberglass,sheet,30.4,26.4,Quebec,Discontinued
P009,IKO InsulFoam Boards,Reinforcement,Foam+Polymer,sheet,49.5,10.0,Manitoba,Active
P001,IKO FlexRoof Primer,Coatings,Polymer+Asphalt,liter,24.4,19.7,Ontario,Discontinued
P002,IKO FlexRoof Primer,Insulation,Polymer+Bitumen,sheet,26.7,24.9,Manitoba,Discontinued
P003,IKO Enerfoil Insulation,Reinforcement,Asphalt+Slate,liter,49.4,31.8,Alberta,Active
P008,IKO InsulFoam Boards,Membrane,Solvent+Additive,bundle,29.1,18.9,Quebec,Active
P006,IKO Enerfoil Insulation,Coatings,Fiberglass,liter,27.5,23.8,Quebec,Discontinued
P004,IKO RoofWrap Membrane,Insulation,Fiberglass,roll,51.1,17.0,Ontario,Discontinued
P003,IKO ArmourShake Shingles,Membrane,Asphalt+Limestone,bundle,51.7,14.6,Alberta,Discontinued
P010,IKO Enerfoil Insulation,Shingles,Polymer+Asphalt,bundle,14.7,7.5,Quebec,Discontinued
P008,IKO Enerfoil Insulation,Insulation,Polymer+Bitumen,sheet,11.2,29.8,Quebec,Discontinued
P010,IKO AquaBarrier Tapes,Reinforcement,Polymer+Bitumen,roll,11.8,35.1,Alberta,Active
P007,IKO Nordic Shingles,Membrane,Fiberglass,sheet,39.8,22.2,Quebec,Active
P006,IKO AquaBarrier Tapes,Coatings,Fiberglass,sheet,35.9,28.7,Quebec,Discontinued
P006,IKO FlexRoof Primer,Shingles,Asphalt+Fiberglass,liter,40.4,20.8,Alberta,Active
P006,IKO RoofWrap Membrane,Insulation,Polymer+Bitumen,bundle,17.2,9.4,Quebec,Active
P008,IKO InsulFoam Boards,Coatings,Polymer+Bitumen,bundle,21.0,27.2,Ontario,Active
P009,IKO RoofWrap Membrane,Insulation,Polymer+Asphalt,sheet,48.3,11.5,Ontario,Active
P009,IKO RoofWrap Membrane,Coatings,Asphalt+Fiberglass,roll,15.8,7.8,Quebec,Discontinued
P002,IKO AquaBarrier Tapes,Coatings,Bitumen+Additives,bundle,34.4,25.8,Alberta,Active
P007,IKO InsulFoam Boards,Membrane,Solvent+Additive,sheet,19.8,26.5,Alberta,Discontinued
P003,IKO InsulFoam Boards,Coatings,Polymer+Bitumen,sheet,52.2,23.5,Quebec,Active
P008,IKO RoofWrap Membrane,Membrane,Fiberglass,sheet,17.8,32.7,Ontario,Discontinued
P010,IKO Nordic Shingles,Reinforcement,Solvent+Additive,roll,18.2,27.1,Ontario,Active
P002,IKO InsulFoam Boards,Insulation,Polyiso+Foil,bundle,52.7,10.6,Manitoba,Active
P008,IKO Cambridge Shingles,Membrane,Fiberglass,liter,37.8,9.1,Quebec,Active
P007,IKO Enerfoil Insulation,Insulation,Asphalt+Limestone,sheet,29.4,35.4,Manitoba,Discontinued
P007,IKO RoofSeal,Coatings,Asphalt+Slate,sheet,26.8,16.3,Manitoba,Active
P009,IKO RoofSeal,Insulation,Asphalt+Limestone,roll,19.7,17.4,Alberta,Discontinued
P005,IKO InsulFoam Boards,Membrane,Polymer+Bitumen,roll,38.6,7.8,Alberta,Active
P006,IKO ArmourShake Shingles,Coatings,Fiberglass,sheet,10.7,21.7,Alberta,Active
P009,IKO RoofWrap Membrane,Shingles,Asphalt+Limestone,sheet,31.6,29.0,Quebec,Discontinued
P002,IKO RoofWrap Membrane,Insulation,Fiberglass,sheet,34.7,22.2,Ontario,Active
P005,IKO Cambridge Shingles,Insulation,Asphalt+Fiberglass,sheet,45.0,35.3,Alberta,Active
P008,IKO FlexRoof Primer,Coatings,Asphalt+Limestone,roll,50.6,25.6,Manitoba,Active
P005,IKO Nordic Shingles,Reinforcement,Polymer+Bitumen,bundle,20.1,24.0,Manitoba,Discontinued
P009,IKO Cambridge Shingles,Insulation,Polymer+Asphalt,sheet,35.4,31.4,Alberta,Active
P010,IKO Cambridge Shingles,Membrane,Foam+Polymer,bundle,22.3,33.4,Quebec,Active
P010,IKO InsulFoam Boards,Coatings,Asphalt+Slate,roll,46.0,24.2,Manitoba,Active
P007,IKO Enerfoil Insulation,Coatings,Asphalt+Fiberglass,sheet,39.5,10.8,Ontario,Discontinued
P006,IKO GlassMat,Reinforcement,Polymer+Bitumen,sheet,21.1,24.9,Manitoba,Active
P008,IKO RoofSeal,Membrane,Polyiso+Foil,sheet,53.2,7.8,Manitoba,Active
P004,IKO GlassMat,Membrane,Foam+Polymer,roll,53.9,13.1,Alberta,Discontinued
P004,IKO GlassMat,Insulation,Asphalt+Fiberglass,roll,50.0,35.8,Manitoba,Discontinued
P008,IKO AquaBarrier Tapes,Membrane,Asphalt+Slate,sheet,36.2,8.3,Manitoba,Discontinued
P003,IKO Enerfoil Insulation,Insulation,Polymer+Asphalt,liter,50.5,18.2,Quebec,Discontinued
P005,IKO FlexRoof Primer,Membrane,Asphalt+Fiberglass,sheet,28.2,15.1,Quebec,Active
P007,IKO Enerfoil Insulation,Coatings,Polymer+Asphalt,roll,55.0,9.6,Alberta,Discontinued
P002,IKO InsulFoam Boards,Membrane,Bitumen+Additives,sheet,21.6,14.5,Quebec,Active
P006,IKO AquaBarrier Tapes,Reinforcement,Bitumen+Additives,roll,13.7,30.3,Manitoba,Active
P007,IKO Nordic Shingles,Shingles,Polymer+Asphalt,sheet,38.0,37.1,Ontario,Active
P003,IKO Cambridge Shingles,Reinforcement,Polymer+Bitumen,sheet,52.4,14.4,Manitoba,Discontinued
P007,IKO ArmourShake Shingles,Coatings,Polymer+Bitumen,roll,43.0,34.0,Ontario,Active
P008,IKO RoofSeal,Coatings,Bitumen+Additives,liter,53.8,30.7,Quebec,Active
P001,IKO RoofSeal,Insulation,Bitumen+Additives,bundle,19.8,17.6,Quebec,Active
P006,IKO GlassMat,Coatings,Fiberglass,bundle,27.3,35.9,Alberta,Active
P006,IKO GlassMat,Reinforcement,Bitumen+Additives,sheet,51.1,13.8,Alberta,Discontinued
P005,IKO Cambridge Shingles,Insulation,Polymer+Bitumen,sheet,28.7,15.4,Manitoba,Discontinued
P010,IKO FlexRoof Primer,Coatings,Fiberglass,sheet,37.7,25.4,Ontario,Active
P003,IKO InsulFoam Boards,Shingles,Solvent+Additive,sheet,12.5,36.6,Alberta,Active
P005,IKO RoofSeal,Membrane,Polyiso+Foil,roll,23.4,8.5,Quebec,Active
P003,IKO RoofWrap Membrane,Reinforcement,Fiberglass,bundle,13.9,13.4,Quebec,Discontinued
P009,IKO RoofSeal,Membrane,Asphalt+Fiberglass,bundle,38.2,29.6,Quebec,Discontinued
P004,IKO AquaBarrier Tapes,Shingles,Polymer+Bitumen,bundle,28.4,11.7,Ontario,Active
P001,IKO FlexRoof Primer,Coatings,Asphalt+Limestone,liter,34.7,10.1,Quebec,Discontinued
P005,IKO RoofSeal,Shingles,Bitumen+Additives,bundle,54.3,21.2,Quebec,Discontinued
P008,IKO Nordic Shingles,Insulation,Foam+Polymer,bundle,40.6,11.9,Ontario,Discontinued
P005,IKO Cambridge Shingles,Reinforcement,Asphalt+Limestone,roll,25.4,36.6,Alberta,Active
P009,IKO RoofWrap Membrane,Membrane,Asphalt+Slate,liter,36.5,10.0,Alberta,Active
P005,IKO FlexRoof Primer,Insulation,Asphalt+Fiberglass,sheet,52.2,7.8,Ontario,Active
P001,IKO Cambridge Shingles,Coatings,Polymer+Bitumen,roll,11.5,7.9,Quebec,Active
P004,IKO Enerfoil Insulation,Coatings,Solvent+Additive,roll,38.3,35.6,Manitoba,Active
P005,IKO Nordic Shingles,Coatings,Foam+Polymer,bundle,21.1,33.9,Alberta,Active
P005,IKO RoofWrap Membrane,Insulation,Asphalt+Slate,bundle,25.4,18.0,Alberta,Active
P005,IKO ArmourShake Shingles,Membrane,Polymer+Asphalt,roll,10.4,10.7,Alberta,Discontinued
P008,IKO RoofSeal,Insulation,Solvent+Additive,bundle,48.0,16.1,Alberta,Discontinued
P008,IKO RoofWrap Membrane,Shingles,Asphalt+Fiberglass,roll,22.7,33.9,Manitoba,Discontinued
P008,IKO Nordic Shingles,Coatings,Foam+Polymer,bundle,18.4,12.1,Quebec,Active
P008,IKO Nordic Shingles,Coatings,Polymer+Bitumen,liter,50.5,14.9,Manitoba,Discontinued
P003,IKO InsulFoam Boards,Coatings,Polyiso+Foil,bundle,41.9,19.8,Quebec,Active
P001,IKO Cambridge Shingles,Coatings,Fiberglass,roll,16.7,9.0,Quebec,Active
P001,IKO RoofWrap Membrane,Insulation,Fiberglass,liter,11.0,35.0,Manitoba,Active
P008,IKO InsulFoam Boards,Reinforcement,Asphalt+Slate,roll,41.2,8.0,Manitoba,Discontinued
P003,IKO Nordic Shingles,Membrane,Bitumen+Additives,liter,41.5,30.6,Ontario,Active
P003,IKO InsulFoam Boards,Shingles,Fiberglass,sheet,39.2,35.6,Alberta,Discontinued
P006,IKO AquaBarrier Tapes,Reinforcement,Solvent+Additive,roll,20.0,12.7,Ontario,Active
P004,IKO GlassMat,Coatings,Fiberglass,liter,35.5,25.1,Alberta,Discontinued
P010,IKO GlassMat,Shingles,Polymer+Asphalt,bundle,23.9,24.1,Alberta,Discontinued
P007,IKO GlassMat,Shingles,Solvent+Additive,roll,53.3,29.2,Alberta,Discontinued
P004,IKO AquaBarrier Tapes,Insulation,Foam+Polymer,sheet,45.6,20.0,Manitoba,Active
P009,IKO Nordic Shingles,Shingles,Asphalt+Limestone,roll,10.0,17.7,Quebec,Active
P006,IKO FlexRoof Primer,Reinforcement,Solvent+Additive,sheet,43.3,21.0,Quebec,Active
P003,IKO Enerfoil Insulation,Reinforcement,Asphalt+Limestone,bundle,15.7,26.2,Quebec,Active
P008,IKO FlexRoof Primer,Membrane,Asphalt+Limestone,roll,16.6,27.3,Quebec,Discontinued
P002,IKO ArmourShake Shingles,Coatings,Polymer+Bitumen,roll,52.3,9.1,Alberta,Active
P010,IKO Nordic Shingles,Membrane,Foam+Polymer,roll,24.0,13.9,Manitoba,Discontinued
P008,IKO Enerfoil Insulation,Coatings,Asphalt+Fiberglass,roll,31.6,17.5,Manitoba,Discontinued
P003,IKO FlexRoof Primer,Insulation,Solvent+Additive,bundle,20.7,14.4,Quebec,Discontinued
P009,IKO ArmourShake Shingles,Reinforcement,Asphalt+Limestone,liter,36.1,17.7,Manitoba,Active
P001,IKO Cambridge Shingles,Membrane,Polymer+Asphalt,bundle,23.6,13.8,Ontario,Active
P001,IKO Nordic Shingles,Insulation,Asphalt+Limestone,liter,14.0,35.5,Manitoba,Discontinued
P006,IKO RoofSeal,Coatings,Polyiso+Foil,liter,54.6,11.8,Manitoba,Active
P001,IKO InsulFoam Boards,Membrane,Asphalt+Limestone,liter,31.4,13.1,Manitoba,Discontinued
P001,IKO FlexRoof Primer,Insulation,Solvent+Additive,sheet,31.0,20.6,Quebec,Discontinued
P006,IKO RoofWrap Membrane,Reinforcement,Solvent+Additive,liter,32.8,26.8,Quebec,Active
P006,IKO Cambridge Shingles,Reinforcement,Polymer+Bitumen,liter,37.9,32.7,Quebec,Discontinued
P010,IKO AquaBarrier Tapes,Insulation,Polymer+Asphalt,liter,19.5,37.8,Alberta,Discontinued
P004,IKO GlassMat,Membrane,Asphalt+Limestone,bundle,47.2,15.4,Ontario,Discontinued
P010,IKO Cambridge Shingles,Membrane,Asphalt+Slate,sheet,18.8,26.7,Quebec,Active
P001,IKO Enerfoil Insulation,Membrane,Polymer+Asphalt,roll,46.8,9.5,Quebec,Discontinued
P007,IKO Enerfoil Insulation,Insulation,Fiberglass,roll,16.4,16.7,Ontario,Active
P002,IKO AquaBarrier Tapes,Coatings,Foam+Polymer,roll,46.9,34.1,Ontario,Discontinued
P005,IKO Cambridge Shingles,Insulation,Asphalt+Limestone,roll,21.5,26.2,Quebec,Active
P009,IKO RoofSeal,Coatings,Polymer+Asphalt,roll,41.2,14.6,Manitoba,Discontinued
P005,IKO ArmourShake Shingles,Insulation,Foam+Polymer,sheet,20.4,26.1,Manitoba,Active
P010,IKO Enerfoil Insulation,Shingles,Asphalt+Fiberglass,sheet,35.3,30.5,Ontario,Active
P004,IKO ArmourShake Shingles,Shingles,Asphalt+Slate,bundle,37.6,35.1,Manitoba,Discontinued
P004,IKO Nordic Shingles,Insulation,Polymer+Bitumen,roll,18.7,8.8,Quebec,Discontinued
P009,IKO Cambridge Shingles,Membrane,Asphalt+Slate,liter,28.9,12.0,Ontario,Active
P001,IKO InsulFoam Boards,Insulation,Asphalt+Slate,roll,29.2,15.7,Manitoba,Discontinued
P010,IKO Cambridge Shingles,Reinforcement,Solvent+Additive,bundle,31.4,27.6,Alberta,Discontinued
P006,IKO AquaBarrier Tapes,Reinforcement,Asphalt+Slate,liter,54.5,10.7,Alberta,Active
P008,IKO RoofWrap Membrane,Reinforcement,Polymer+Bitumen,sheet,14.9,22.9,Quebec,Active
P007,IKO AquaBarrier Tapes,Coatings,Fiberglass,liter,51.7,7.9,Quebec,Discontinued
P007,IKO Nordic Shingles,Membrane,Polymer+Asphalt,liter,24.7,18.5,Ontario,Active
P009,IKO FlexRoof Primer,Insulation,Polymer+Asphalt,roll,29.4,19.0,Quebec,Discontinued
P006,IKO RoofWrap Membrane,Insulation,Bitumen+Additives,sheet,45.0,34.4,Alberta,Discontinued
P005,IKO ArmourShake Shingles,Shingles,Fiberglass,roll,38.6,27.1,Quebec,Discontinued
P006,IKO Cambridge Shingles,Reinforcement,Polymer+Bitumen,liter,11.0,17.3,Quebec,Active
P005,IKO FlexRoof Primer,Coatings,Foam+Polymer,roll,13.7,30.0,Alberta,Discontinued
P005,IKO Enerfoil Insulation,Membrane,Polymer+Asphalt,liter,13.9,7.9,Manitoba,Active
P002,IKO InsulFoam Boards,Coatings,Asphalt+Slate,sheet,48.3,36.9,Alberta,Active
P001,IKO RoofWrap Membrane,Insulation,Polymer+Asphalt,roll,24.3,19.4,Quebec,Active
P008,IKO Cambridge Shingles,Insulation,Fiberglass,roll,30.2,12.5,Alberta,Active
P007,IKO ArmourShake Shingles,Membrane,Asphalt+Fiberglass,sheet,41.0,22.9,Ontario,Active
P004,IKO GlassMat,Shingles,Polyiso+Foil,roll,41.9,25.5,Quebec,Discontinued
P001,IKO RoofSeal,Reinforcement,Foam+Polymer,roll,29.7,28.4,Quebec,Discontinued
P006,IKO ArmourShake Shingles,Insulation,Foam+Polymer,sheet,49.8,32.3,Ontario,Active
P006,IKO FlexRoof Primer,Shingles,Bitumen+Additives,sheet,39.7,31.5,Quebec,Discontinued
P007,IKO FlexRoof Primer,Reinforcement,Solvent+Additive,bundle,18.0,9.1,Quebec,Discontinued
P006,IKO Enerfoil Insulation,Reinforcement,Asphalt+Fiberglass,sheet,30.8,14.3,Alberta,Active
P002,IKO GlassMat,Membrane,Asphalt+Fiberglass,sheet,36.5,37.6,Quebec,Discontinued
